Currency,Date,Buy Rate,Sell Rate
EUR,12/31/2024,298.4124,310.9446
EUR,12/30/2024,298.7874,311.3607
EUR,12/27/2024,299.5694,312.1994
EUR,12/26/2024,300.6499,313.3561
EUR,12/24/2024,302.0383,314.7878
EUR,12/23/2024,300.7847,313.385
EUR,12/20/2024,297.0973,310.0631
EUR,12/19/2024,296.5951,309.2495
EUR,12/18/2024,299.3621,312.0177
EUR,12/17/2024,299.5315,312.1716
EUR,12/16/2024,298.8615,311.3651
EUR,12/13/2024,297.4114,309.9249
EUR,12/12/2024,298.6163,311.168
EUR,12/11/2024,299.5175,312.1379
EUR,12/10/2024,300.0871,312.6552
EUR,12/9/2024,300.0925,312.6562
EUR,12/6/2024,300.6442,313.2189
EUR,12/5/2024,299.1412,311.7496
EUR,12/4/2024,298.6399,311.2806
EUR,12/3/2024,298.4979,311.1374
EUR,12/2/2024,299.547,312.312
EUR,11/29/2024,300.7865,313.5487
EUR,11/28/2024,300.7827,313.6529
EUR,11/27/2024,298.8263,311.6574
EUR,11/26/2024,298.4861,311.0545
EUR,11/25/2024,298.6713,311.49
EUR,11/22/2024,298.5399,311.3531
EUR,11/21/2024,300.7789,313.5205
EUR,11/20/2024,302.0364,314.9241
EUR,11/19/2024,302.1951,314.8819
EUR,11/18/2024,301.53,314.3002
EUR,11/14/2024,302.1709,314.9497
EUR,11/13/2024,304.3349,317.193
EUR,11/12/2024,305.256,318.1457
EUR,11/11/2024,307.384,320.2929
EUR,11/8/2024,309.2589,322.0729
EUR,11/7/2024,308.0019,320.9493
EUR,11/6/2024,309.4214,322.5061
EUR,11/5/2024,312.4666,325.5224
EUR,11/4/2024,312.6826,325.9593
EUR,11/1/2024,312.3265,325.4276
EUR,10/30/2024,311.2012,324.1502
EUR,10/29/2024,311.2077,324.0943
EUR,10/28/2024,310.3959,323.3231
EUR,10/25/2024,311.4261,324.3958
EUR,10/24/2024,310.1563,323.2757
EUR,10/23/2024,310.198,323.1562
EUR,10/22/2024,310.7552,323.7688
EUR,10/21/2024,312.067,325.0195
EUR,10/18/2024,311.0578,324.181
EUR,10/16/2024,313.1024,326.1357
EUR,10/15/2024,313.8758,326.7669
EUR,10/14/2024,313.4788,326.6996
EUR,10/11/2024,313.8162,327.0253
EUR,10/10/2024,314.3125,327.4318
EUR,10/9/2024,315.0441,328.233
EUR,10/8/2024,315.818,329.0168
EUR,10/7/2024,316.2927,329.4996
EUR,10/4/2024,317.6784,330.8477
EUR,10/3/2024,320.8731,333.91
EUR,10/2/2024,319.756,333.0031
EUR,10/1/2024,323.9347,336.7537
EUR,9/30/2024,325.8904,339.306
EUR,9/27/2024,328.2027,341.6487
EUR,9/26/2024,327.9902,341.4663
EUR,9/25/2024,332.0868,345.5367
EUR,9/24/2024,331.3373,345.0301
EUR,9/23/2024,333.5341,346.8839
EUR,9/20/2024,333.2533,346.8306
EUR,9/19/2024,330.5337,344.1145
EUR,9/18/2024,329.5167,343.1998
EUR,9/13/2024,326.8784,340.6888
EUR,9/12/2024,324.6701,338.2976
EUR,9/11/2024,325.1276,338.7564
EUR,9/10/2024,326.0106,339.8867
EUR,9/9/2024,324.8027,338.2972
EUR,9/6/2024,325.1748,338.8594
EUR,9/5/2024,324.4265,338.0145
EUR,9/4/2024,323.8793,337.3524
EUR,9/3/2024,324.262,337.8741
EUR,9/2/2024,323.9709,337.5526
EUR,8/30/2024,325.4653,339.0292
EUR,8/29/2024,327.6753,341.3898
EUR,8/28/2024,328.6486,342.5084
EUR,8/27/2024,329.2973,342.9621
EUR,8/26/2024,328.712,342.578
EUR,8/23/2024,328.0644,341.9167
EUR,8/22/2024,327.8168,341.5718
EUR,8/21/2024,326.533,340.2024
EUR,8/20/2024,324.326,338.0242
EUR,8/16/2024,321.4225,335.0301
EUR,8/15/2024,322.5294,336.1443
EUR,8/14/2024,322.183,335.6298
EUR,8/13/2024,321.0132,334.4846
EUR,8/12/2024,320.9378,334.3325
EUR,8/9/2024,321.8946,335.335
EUR,8/8/2024,322.862,336.457
EUR,8/7/2024,322.9382,336.5882
EUR,8/6/2024,324.3394,337.9728
EUR,8/5/2024,322.8712,336.5495
EUR,8/2/2024,319.4091,332.971
EUR,8/1/2024,320.7654,334.2646
EUR,7/31/2024,320.7613,334.2902
EUR,7/30/2024,320.6294,334.3416
EUR,7/29/2024,322.4278,336.1884
EUR,7/26/2024,322.4882,336.0932
EUR,7/25/2024,322.1888,335.9352
EUR,7/24/2024,322.5185,336.1132
EUR,7/23/2024,324.0571,337.8258
EUR,7/22/2024,323.7881,337.4667
EUR,7/19/2024,324.0715,337.8902
EUR,7/18/2024,325.3646,339.0362
EUR,7/17/2024,324.3029,338.0322
EUR,7/16/2024,322.5521,336.1785
EUR,7/15/2024,321.7422,335.4522
EUR,7/12/2024,322.3242,335.901
EUR,7/11/2024,322.3798,335.9088
EUR,7/10/2024,321.7831,335.4735
EUR,7/9/2024,322.8014,336.2069
EUR,7/8/2024,323.1201,336.6431
EUR,7/5/2024,322.861,336.3874
EUR,7/4/2024,321.6179,334.968
EUR,7/3/2024,319.255,332.7333
EUR,7/2/2024,320.6922,334.1906
EUR,7/1/2024,322.155,335.7676
EUR,6/28/2024,320.1588,333.5366
EUR,6/27/2024,319.7198,332.9585
EUR,6/26/2024,320.1049,333.6987
EUR,6/25/2024,320.9898,334.3594
EUR,6/24/2024,319.6618,333.0642
EUR,6/20/2024,321.2342,334.8029
EUR,6/19/2024,321.0035,334.2302
EUR,6/18/2024,319.2397,332.6657
EUR,6/14/2024,319.6217,332.9865
EUR,6/13/2024,321.4858,335.001
EUR,6/12/2024,319.3061,332.7184
EUR,6/11/2024,319.6631,333.2459
EUR,6/10/2024,319.0837,332.7185
EUR,6/7/2024,322.8396,336.5399
EUR,6/6/2024,322.3884,335.9957
EUR,6/5/2024,321.8154,335.5379
EUR,6/4/2024,322.6224,336.2221
EUR,6/3/2024,320.8505,334.4279
EUR,5/31/2024,319.7445,333.1566
EUR,5/30/2024,319.1283,332.5222
EUR,5/29/2024,320.2219,333.965
EUR,5/28/2024,320.2,333.6281
EUR,5/27/2024,318.9939,332.4872
EUR,5/22/2024,318.6627,332.1386
EUR,5/21/2024,318.5517,332.0384
EUR,5/20/2024,319.3947,332.814
EUR,5/17/2024,319.4849,333.051
EUR,5/16/2024,322.2197,335.7786
EUR,5/15/2024,319.5671,333.3048
EUR,5/14/2024,317.2631,330.9077
EUR,5/13/2024,315.0856,328.6393
EUR,5/10/2024,315.1261,328.3523
EUR,5/9/2024,314.4802,327.6539
EUR,5/8/2024,314.5227,327.9469
EUR,5/7/2024,314.6081,327.8162
EUR,5/6/2024,313.281,326.7181
EUR,5/3/2024,312.2567,325.5595
EUR,5/2/2024,312.1023,325.655
EUR,4/30/2024,312.4107,325.7999
EUR,4/29/2024,310.9302,324.1815
EUR,4/26/2024,311.2527,324.7033
EUR,4/25/2024,311.9819,325.4759
EUR,4/24/2024,314.9544,328.3713
EUR,4/22/2024,315.2655,328.5977
EUR,4/19/2024,313.7489,327.2618
EUR,4/18/2024,315.334,328.8218
EUR,4/17/2024,312.5204,325.8345
EUR,4/16/2024,310.5028,323.8933
EUR,4/15/2024,311.1043,324.7733
EUR,4/10/2024,317.3213,330.7221
EUR,4/9/2024,317.5971,331.1643
EUR,4/8/2024,317.3628,331.0309
EUR,4/5/2024,317.598,331.1885
EUR,4/4/2024,318.2104,331.8435
EUR,4/3/2024,316.4844,329.9406
EUR,4/2/2024,315.3217,328.7414
EUR,4/1/2024,317.1171,330.8712
EUR,3/28/2024,318.3163,332.1141
EUR,3/27/2024,319.6049,333.1704
EUR,3/26/2024,321.1037,334.6164
EUR,3/25/2024,321.2131,334.8584
EUR,3/22/2024,322.5601,336.2105
EUR,3/21/2024,325.51,339.2003
EUR,3/20/2024,323.5362,337.2115
EUR,3/19/2024,323.8367,337.4651
EUR,3/18/2024,325.0276,338.7375
EUR,3/15/2024,325.3106,338.9997
EUR,3/14/2024,327.8357,341.5038
EUR,3/13/2024,328.355,341.5691
EUR,3/12/2024,329.0169,342.1652
EUR,3/11/2024,329.7094,342.9476
EUR,3/7/2024,328.7412,342.1725
EUR,3/6/2024,326.9885,340.8921
EUR,3/5/2024,327.2071,341.043
EUR,3/4/2024,327.5391,341.3629
EUR,3/1/2024,327.6677,341.7333
EUR,2/29/2024,328.7998,342.923
EUR,2/28/2024,329.2389,343.3195
EUR,2/27/2024,330.3174,344.3762
EUR,2/26/2024,329.2361,343.459
EUR,2/22/2024,329.8568,344.0649
EUR,2/21/2024,330.3238,344.4463
EUR,2/20/2024,329.1693,343.1934
EUR,2/19/2024,329.629,343.8122
EUR,2/16/2024,329.5695,343.8727
EUR,2/15/2024,329.2132,342.9055
EUR,2/14/2024,328.7629,342.4972
EUR,2/13/2024,330.6448,344.3558
EUR,2/12/2024,331.0515,344.941
EUR,2/9/2024,330.765,344.6668
EUR,2/8/2024,331.1989,345.0007
EUR,2/7/2024,330.6979,344.6157
EUR,2/6/2024,329.2235,343.1568
EUR,2/5/2024,330.2393,344.2443
EUR,2/2/2024,332.0271,346.2817
EUR,2/1/2024,334.1164,348.2562
EUR,1/31/2024,336.049,350.0412
EUR,1/30/2024,337.2285,351.2936
EUR,1/29/2024,337.4777,351.5591
EUR,1/26/2024,338.0404,352.0374
EUR,1/24/2024,340.5948,354.4106
EUR,1/23/2024,341.6349,355.534
EUR,1/22/2024,342.2973,356.3426
EUR,1/19/2024,342.4556,356.4514
EUR,1/18/2024,342.5824,356.7391
EUR,1/17/2024,342.5972,356.7755
EUR,1/16/2024,344.8572,358.9896
EUR,1/12/2024,347.1464,361.4096
EUR,1/11/2024,347.5535,361.6593
EUR,1/10/2024,345.7627,360.0472
EUR,1/9/2024,346.7355,360.8138
EUR,1/8/2024,345.8823,360.1735
EUR,1/5/2024,346.1606,360.3632
EUR,1/4/2024,345.5618,359.6961
EUR,1/3/2024,345.5459,359.7627
EUR,1/2/2024,346.9295,361.9076
EUR,1/1/2024,350.4635,364.7561
EUR,12/29/2023,351.4885,365.8211
EUR,12/28/2023,352.9582,367.4052
EUR,12/27/2023,351.9191,366.0778
EUR,12/22/2023,351.7235,366.0291
EUR,12/21/2023,350.6477,364.722
EUR,12/20/2023,351.611,365.7011
EUR,12/19/2023,349.9744,364.1641
EUR,12/18/2023,349.4821,363.5874
EUR,12/15/2023,352.289,366.4483
EUR,12/14/2023,349.3148,363.4613
EUR,12/13/2023,345.579,359.8175
EUR,12/12/2023,345.2839,359.5863
EUR,12/11/2023,344.9861,359.4057
EUR,12/8/2023,345.6837,359.8993
EUR,12/7/2023,344.8753,359.2923
EUR,12/6/2023,346.8106,361.1269
EUR,12/5/2023,348.6701,363.1071
EUR,12/4/2023,349.621,364.0347
EUR,12/1/2023,350.5644,365.154
EUR,11/30/2023,353.0917,367.6256
EUR,11/29/2023,355.1689,369.7727
EUR,11/28/2023,353.5767,368.0707
EUR,11/27/2023,352.4513,367.1659
EUR,11/24/2023,351.0511,365.7237
EUR,11/23/2023,351.1005,365.6865
EUR,11/22/2023,351.5514,366.1088
EUR,11/21/2023,352.3727,366.9245
EUR,11/20/2023,350.8308,365.8129
EUR,11/17/2023,348.7569,363.8806
EUR,11/16/2023,348.7568,363.5643
EUR,11/15/2023,349.1896,364.1841
EUR,11/14/2023,342.4773,357.4613
EUR,11/13/2023,342.2119,357.2215
EUR,11/10/2023,342.3321,357.2417
EUR,11/9/2023,344.5081,359.2697
EUR,11/8/2023,343.0363,357.8805
EUR,11/7/2023,342.7388,357.6525
EUR,11/6/2023,346.0475,360.9021
EUR,11/3/2023,342.298,357.114
EUR,11/2/2023,340.6046,355.0497
EUR,11/1/2023,339.2346,353.7796
EUR,10/31/2023,339.945,354.569
EUR,10/30/2023,338.4374,352.9368
EUR,10/27/2023,337.889,352.682
EUR,10/26/2023,337.4121,352.1192
EUR,10/25/2023,339.7511,354.449
EUR,10/24/2023,341.0656,356.0557
EUR,10/23/2023,337.2677,352.2671
EUR,10/20/2023,336.5467,351.5411
EUR,10/19/2023,334.7521,349.5133
EUR,10/18/2023,335.5314,350.6119
EUR,10/17/2023,334.398,349.322
EUR,10/16/2023,333.0466,348.4784
EUR,10/13/2023,333.8155,348.8747
EUR,10/12/2023,336.5029,351.5075
EUR,10/11/2023,335.8812,350.8476
EUR,10/10/2023,334.4937,349.333
EUR,10/9/2023,334.6182,349.4789
EUR,10/6/2023,334.0291,348.9973
EUR,10/5/2023,333.3591,348.3054
EUR,10/4/2023,331.3217,346.2563
EUR,10/3/2023,331.8928,346.79
EUR,10/2/2023,334.9209,349.949
EUR,9/27/2023,334.5254,349.5066
EUR,9/26/2023,335.7917,350.9559
EUR,9/25/2023,337.8544,353.0313
EUR,9/22/2023,337.4686,352.8462
EUR,9/21/2023,337.7531,353.0738
EUR,9/20/2023,338.9876,354.6579
EUR,9/19/2023,338.6503,354.3157
EUR,9/18/2023,337.1925,352.8325
EUR,9/15/2023,336.4764,352.1372
EUR,9/14/2023,340.1677,356.1193
EUR,9/13/2023,338.968,354.879
EUR,9/12/2023,338.5441,354.4525
EUR,9/11/2023,337.4802,353.4145
EUR,9/8/2023,337.5267,353.6961
EUR,9/7/2023,337.345,354.2402
EUR,9/6/2023,337.3176,353.4753
EUR,9/5/2023,338.1376,354.3514
EUR,9/4/2023,337.049,353.2573
EUR,9/1/2023,339.082,355.2288
EUR,8/31/2023,342.6382,358.9868
EUR,8/29/2023,342.8394,358.9505
EUR,8/28/2023,341.9833,358.1514
EUR,8/25/2023,341.4455,357.4611
EUR,8/24/2023,343.4827,360.0968
EUR,8/23/2023,343.2933,359.9608
EUR,8/22/2023,344.6288,361.3377
EUR,8/21/2023,343.2621,359.9156
EUR,8/18/2023,343.3219,360.1324
EUR,8/17/2023,340.819,357.715
EUR,8/16/2023,341.5449,358.6229
EUR,8/15/2023,342.2456,359.2925
EUR,8/14/2023,341.8135,359.1276
EUR,8/11/2023,343.5518,360.8008
EUR,8/10/2023,343.0285,360.2568
EUR,8/9/2023,343.3976,360.5729
EUR,8/8/2023,344.9888,362.6391
EUR,8/7/2023,345.3689,363.1197
EUR,8/4/2023,341.2873,358.8861
EUR,8/3/2023,335.1872,353.8639
EUR,8/2/2023,338.7341,356.1942
EUR,7/31/2023,354.1359,370.9848
EUR,7/28/2023,353.4114,370.2678
EUR,7/27/2023,357.1091,374.1763
EUR,7/26/2023,356.4829,373.808
EUR,7/25/2023,356.3336,374.2907
EUR,7/24/2023,356.5076,374.2506
EUR,7/21/2023,353.9607,371.5511
EUR,7/20/2023,354.4659,372.1704
EUR,7/19/2023,353.4656,370.829
EUR,7/18/2023,353.1843,371.1703
EUR,7/17/2023,350.9697,368.784
EUR,7/14/2023,347.6261,366.0649
EUR,7/13/2023,341.9239,360.2418
EUR,7/12/2023,337.011,355.0798
EUR,7/11/2023,335.0428,353.1223
EUR,7/10/2023,331.6056,350.037
EUR,7/7/2023,328.2758,346.6968
EUR,7/6/2023,324.4139,343.1959
EUR,7/5/2023,324.4317,342.9584
EUR,7/4/2023,326.2716,344.97
EUR,6/28/2023,328.7852,347.5262
EUR,6/27/2023,328.4622,346.8894
EUR,6/26/2023,325.9044,344.7178
EUR,6/23/2023,326.1043,345.1566
EUR,6/22/2023,327.0445,346.8606
EUR,6/21/2023,324.4547,344.5365
EUR,6/20/2023,323.8327,344.8839
EUR,6/19/2023,324.0691,345.7238
EUR,6/16/2023,328.3407,351.0182
EUR,6/15/2023,335.9432,356.9234
EUR,6/14/2023,325.7842,345.3423
EUR,6/13/2023,316.3531,334.7591
EUR,6/12/2023,310.6194,327.3725
EUR,6/9/2023,309.689,326.1485
EUR,6/8/2023,304.719,321.6396
EUR,6/7/2023,303.6215,320.6391
EUR,6/6/2023,303.9065,320.887
EUR,6/5/2023,304.1967,321.0999
EUR,6/2/2023,308.0033,324.7492
EUR,6/1/2023,302.2424,319.3626
EUR,5/31/2023,306.7422,323.7015
EUR,5/30/2023,309.9647,326.8542
EUR,5/29/2023,310.0947,326.8142
EUR,5/26/2023,315.4899,332.9832
EUR,5/25/2023,318.4855,335.4066
EUR,5/24/2023,319.8722,336.8965
EUR,5/23/2023,321.8655,339.2152
EUR,5/22/2023,323.2367,340.7976
EUR,5/19/2023,322.4615,339.7672
EUR,5/18/2023,323.3302,340.2989
EUR,5/17/2023,327.4661,345.1132
EUR,5/16/2023,330.8848,348.5502
EUR,5/15/2023,331.3943,349.2974
EUR,5/12/2023,333.3858,351.1345
EUR,5/11/2023,337.6695,355.9612
EUR,5/10/2023,340.0875,358.0975
EUR,5/9/2023,341.1064,359.132
EUR,5/8/2023,343.5567,361.7984
EUR,5/4/2023,345.4091,363.703
EUR,5/3/2023,344.3821,362.9363
EUR,5/2/2023,343.8195,362.4796
EUR,4/28/2023,344.9998,363.6566
EUR,4/27/2023,345.9809,364.7276
EUR,4/26/2023,343.3733,362.2232
EUR,4/25/2023,345.7907,364.5059
EUR,4/24/2023,343.3922,362.3782
EUR,4/21/2023,342.623,361.676
EUR,4/20/2023,342.1609,361.1187
EUR,4/19/2023,342.3124,361.2854
EUR,4/18/2023,340.6283,359.7534
EUR,4/17/2023,341.2018,360.4612
EUR,4/12/2023,339.2251,358.5823
EUR,4/11/2023,338.031,357.512
EUR,4/10/2023,338.4791,358.6128
EUR,4/6/2023,339.8053,359.9918
EUR,4/4/2023,340.6536,360.7484
EUR,4/3/2023,342.0515,361.9118
EUR,3/31/2023,346.7229,366.712
EUR,3/30/2023,343.977,363.9907
EUR,3/29/2023,343.0579,363.1341
EUR,3/28/2023,340.5043,360.6991
EUR,3/27/2023,338.0877,358.5614
EUR,3/24/2023,340.0548,360.556
EUR,3/23/2023,338.2864,358.1529
EUR,3/22/2023,336.0832,356.3921
EUR,3/21/2023,338.6857,359.7836
EUR,3/20/2023,353.9077,374.6582
EUR,3/17/2023,353.202,373.7844
EUR,3/16/2023,348.3534,368.3891
EUR,3/15/2023,351.6624,371.7899
EUR,3/14/2023,341.4234,361.2937
EUR,3/13/2023,333.3681,353.0302
EUR,3/10/2023,328.3984,349.7183
EUR,3/9/2023,324.2361,344.7613
EUR,3/8/2023,330.1922,349.9939
EUR,3/7/2023,339.0744,359.9271
EUR,3/3/2023,353.2467,370.7822
EUR,3/2/2023,364.8593,381.296
EUR,3/1/2023,370.6218,385.9241
EUR,2/28/2023,376.3599,390.9386
EUR,2/27/2023,375.8818,390.4237
EUR,2/24/2023,378.3493,393.1688
EUR,2/23/2023,378.7016,393.5766
EUR,2/22/2023,380.1493,394.9909
EUR,2/21/2023,381.1355,396.0427
EUR,2/20/2023,381.7114,396.6991
EUR,2/17/2023,380.7201,395.7525
EUR,2/16/2023,382.4855,397.7767
EUR,2/15/2023,383.326,398.6409
EUR,2/14/2023,383.3794,398.6989
EUR,2/13/2023,381.1763,396.4406
EUR,2/10/2023,383.6749,398.7756
EUR,2/9/2023,378.5822,399.0058
EUR,2/8/2023,384.0133,399.1778
EUR,2/7/2023,384.4542,399.4956
EUR,2/6/2023,386.3124,401.3692
EUR,2/3/2023,390.0114,405.2499
EUR,2/2/2023,394.8072,410.4174
EUR,2/1/2023,389.1447,404.8125
EUR,1/31/2023,388.9307,404.5976
EUR,1/30/2023,389.5551,405.2372
EUR,1/27/2023,390.0335,405.7231
EUR,1/26/2023,391.2274,406.9557
EUR,1/25/2023,390.5883,406.2937
EUR,1/24/2023,389.9492,405.6406
EUR,1/23/2023,390.3622,406.23
EUR,1/20/2023,388.4914,404.1311
EUR,1/19/2023,386.9407,402.5438
EUR,1/18/2023,386.5919,402.1845
EUR,1/17/2023,387.9146,403.5501
EUR,1/13/2023,388.7853,404.4347
EUR,1/12/2023,386.0419,401.6155
EUR,1/11/2023,384.8194,400.3741
EUR,1/10/2023,384.6369,400.3027
EUR,1/9/2023,382.8705,398.4584
EUR,1/5/2023,380.8715,396.3997
EUR,1/4/2023,379.1218,394.5971
EUR,1/3/2023,382.8269,398.4135
EUR,1/2/2023,383.8159,399.5679
EUR,12/30/2022,382.4055,397.984
EUR,12/29/2022,381.1006,396.7553
EUR,12/28/2022,381.5746,397.2309
EUR,12/27/2022,381.7599,397.4334
EUR,12/23/2022,380.4807,396.1161
EUR,12/22/2022,381.3069,396.9651
EUR,12/21/2022,380.6795,396.3156
EUR,12/20/2022,380.7581,396.4763
EUR,12/19/2022,380.0733,395.9222
EUR,12/16/2022,381.8224,397.5457
EUR,12/15/2022,382.1729,397.9129
EUR,12/14/2022,381.1486,396.8441
EUR,12/13/2022,378.0381,393.6498
EUR,12/12/2022,377.0093,392.5776
EUR,12/9/2022,379.3869,394.9275
EUR,12/8/2022,376.6475,392.1053
EUR,12/6/2022,376.8743,392.3357
EUR,12/5/2022,379.1991,394.7273
EUR,12/2/2022,376.9332,392.401
EUR,12/1/2022,373.9781,389.3596
EUR,11/30/2022,371.1079,386.4056
EUR,11/29/2022,371.6659,386.9802
EUR,11/28/2022,371.0516,386.4863
EUR,11/25/2022,373.0369,388.6538
EUR,11/24/2022,374.1178,389.6419
EUR,11/23/2022,369.8885,385.2983
EUR,11/22/2022,367.961,383.3119
EUR,11/21/2022,369.3487,384.6493
EUR,11/18/2022,371.8833,387.358
EUR,11/17/2022,371.7953,387.2433
EUR,11/16/2022,371.7275,387.1945
EUR,11/15/2022,369.9767,385.388
EUR,11/14/2022,370.1982,385.6768
EUR,11/11/2022,365.0902,380.3643
EUR,11/10/2022,359.2302,374.3698
EUR,11/9/2022,361.1894,376.3303
EUR,11/8/2022,358.783,373.8635
EUR,11/4/2022,349.8926,364.7649
EUR,11/3/2022,352.0053,366.9465
EUR,11/2/2022,354.1595,369.1657
EUR,11/1/2022,354.5662,369.6089
EUR,10/31/2022,356.3481,371.4353
EUR,10/28/2022,357.6055,372.7674
EUR,10/27/2022,360.2397,375.6851
EUR,10/26/2022,356.3569,371.3761
EUR,10/25/2022,353.8694,368.8872
EUR,10/21/2022,349.9535,364.8447
EUR,10/20/2022,349.2715,364.1309
EUR,10/19/2022,352.6155,367.5853
EUR,10/18/2022,351.7659,366.7008
EUR,10/17/2022,348.6505,363.4954
EUR,10/14/2022,350.0925,364.8909
EUR,10/13/2022,346.5025,361.3682
EUR,10/12/2022,346.2757,360.9345
EUR,10/11/2022,345.677,360.3244
EUR,10/7/2022,349.895,364.6177
EUR,10/6/2022,353.7982,368.6797
EUR,10/5/2022,355.6138,370.4783
EUR,10/4/2022,350.5392,365.2629
EUR,10/3/2022,350.093,364.8862
EUR,9/30/2022,349.9242,364.6306
EUR,9/29/2022,345.4707,360.0342
EUR,9/28/2022,340.9321,355.4812
EUR,9/27/2022,343.6054,358.2426
EUR,9/26/2022,344.1763,358.8689
EUR,9/23/2022,350.7933,365.4949
EUR,9/22/2022,350.3877,365.1473
EUR,9/21/2022,355.5131,370.4795
EUR,9/20/2022,357.897,372.8429
EUR,9/19/2022,356.8546,371.7836
EUR,9/16/2022,356.6349,371.6442
EUR,9/15/2022,355.5312,370.5038
EUR,9/14/2022,355.9563,370.9375
EUR,9/13/2022,360.9717,376.3756
EUR,9/12/2022,359.137,374.5768
EUR,9/9/2022,358.4673,373.7585
EUR,9/8/2022,355.6086,370.5684
EUR,9/7/2022,351.5307,366.8769
EUR,9/6/2022,353.9611,369.2443
EUR,9/5/2022,352.6868,367.8536
EUR,9/2/2022,354.2793,369.4739
EUR,9/1/2022,356.2314,371.5963
EUR,8/31/2022,356.2636,371.6946
EUR,8/30/2022,355.2945,370.532
EUR,8/29/2022,352.8195,368.0815
EUR,8/26/2022,354.5216,369.8389
EUR,8/25/2022,355.0278,370.1842
EUR,8/24/2022,353.6692,368.7722
EUR,8/23/2022,353.4529,368.5693
EUR,8/22/2022,356.8288,372.0464
EUR,8/19/2022,358.4298,373.6891
EUR,8/18/2022,361.8953,377.213
EUR,8/17/2022,361.6082,376.8346
EUR,8/16/2022,361.5401,376.5715
EUR,8/15/2022,364.3184,379.5297
EUR,8/12/2022,366.5008,381.8782
EUR,8/10/2022,363.1476,378.4089
EUR,8/9/2022,362.2814,377.3186
EUR,8/8/2022,361.744,376.7621
EUR,8/5/2022,363.456,378.5885
EUR,8/4/2022,361.5586,376.2903
EUR,8/3/2022,361.9849,376.8235
EUR,8/2/2022,365.2414,380.0447
EUR,8/1/2022,363.8068,378.5549
EUR,7/29/2022,362.5223,377.2409
EUR,7/28/2022,363.1431,377.5629
EUR,7/27/2022,360.8598,375.218
EUR,7/26/2022,363.9859,378.7477
EUR,7/25/2022,363.1987,377.6318
EUR,7/22/2022,362.8028,377.1898
EUR,7/21/2022,363.5516,377.9768
EUR,7/20/2022,364.851,379.3163
EUR,7/19/2022,360.4242,374.7586
EUR,7/18/2022,359.3852,373.6983
EUR,7/15/2022,356.65,371.2082
EUR,7/14/2022,356.9477,371.6089
EUR,7/12/2022,356.1345,370.7057
EUR,7/11/2022,361.1691,375.5521
EUR,7/8/2022,360.975,375.2507
EUR,7/7/2022,361.9959,376.9575
EUR,7/6/2022,363.8622,378.43
EUR,7/5/2022,369.4935,384.5648
EUR,7/4/2022,369.767,384.5245
EUR,7/1/2022,370.5221,385.4075
EUR,6/30/2022,370.4145,385.1851
EUR,6/29/2022,373.1221,387.9804
EUR,6/28/2022,374.972,389.8785
EUR,6/27/2022,374.6052,389.4918
EUR,6/24/2022,373.2903,388.4167
EUR,6/23/2022,375.2973,389.8979
EUR,6/22/2022,373.0293,387.4586
EUR,6/21/2022,374.2899,388.916
EUR,6/20/2022,372.9539,387.4353
EUR,6/17/2022,372.4061,387.0705
EUR,6/16/2022,369.4321,384.4144
EUR,6/15/2022,369.2455,384.3622
EUR,6/13/2022,371.1082,386.1883
EUR,6/10/2022,375.6865,391.6964
EUR,6/9/2022,379.5105,394.7449
EUR,6/8/2022,378.4127,393.5254
EUR,6/7/2022,378.539,392.8471
EUR,6/6/2022,381.8524,392.6888
EUR,6/3/2022,383.0963,393.9545
EUR,6/2/2022,379.5663,390.3626
EUR,6/1/2022,381.4224,392.2505
EUR,5/31/2022,383.2022,394.0627
EUR,5/30/2022,383.1308,393.9898
EUR,5/27/2022,381.9062,392.7431
EUR,5/26/2022,380.3922,391.2015
EUR,5/25/2022,380.2201,391.027
EUR,5/24/2022,378.8581,389.6411
EUR,5/23/2022,376.3131,387.0507
EUR,5/20/2022,375.214,385.932
EUR,5/19/2022,373.0262,383.7066
EUR,5/18/2022,374.342,385.0451
EUR,5/17/2022,371.1843,381.8332
EUR,5/13/2022,369.6165,380.2322
EUR,5/12/2022,388.1229,403.6233
EUR,5/11/2022,385.8994,401.4037
EUR,5/9/2022,385.4405,400.937
EUR,5/6/2022,385.4672,400.966
EUR,5/5/2022,384.142,399.618
EUR,5/4/2022,373.3231,385.4584
EUR,4/29/2022,369.6859,381.8163
EUR,4/28/2022,365.2308,377.279
EUR,4/27/2022,364.4263,376.4149
EUR,4/26/2022,362.9428,374.9215
EUR,4/25/2022,360.4563,372.3748
EUR,4/22/2022,359.8321,371.7859
EUR,4/21/2022,359.5836,371.531
EUR,4/20/2022,358.3018,370.2304
EUR,4/19/2022,357.422,369.3318
EUR,4/18/2022,353.3027,365.0453
EUR,4/12/2022,350.0532,361.8357
EUR,4/11/2022,347.8565,359.5515
EUR,4/8/2022,340.8309,352.4222
EUR,4/7/2022,340.5925,352.2093
EUR,4/6/2022,327.7094,339.0712
EUR,4/5/2022,324.7265,335.9982
EUR,4/4/2022,323.1897,334.502
EUR,4/1/2022,323.2672,334.5713
EUR,3/31/2022,325.7283,337.0847
EUR,3/30/2022,323.7198,335.0413
EUR,3/29/2022,320.3466,331.6067
EUR,3/28/2022,319.5051,330.7549
EUR,3/25/2022,317.3,328.5087
EUR,3/24/2022,310.4519,321.5399
EUR,3/23/2022,306.3298,317.3463
EUR,3/22/2022,302.6655,313.5667
EUR,3/21/2022,295.9442,306.7773
EUR,3/18/2022,296.9913,307.8427
EUR,3/16/2022,293.6823,304.4733
EUR,3/15/2022,288.096,298.7944
EUR,3/14/2022,276.3497,286.8405
EUR,3/11/2022,278.2912,288.8135
EUR,3/10/2022,279.674,290.2202
EUR,3/9/2022,245.4592,255.3784
EUR,3/8/2022,244.4805,254.3786
EUR,3/7/2022,214.9646,224.349
EUR,3/4/2022,218.9132,228.3663
EUR,3/3/2022,220.0013,229.4752
EUR,3/2/2022,220.5885,230.0719
EUR,2/28/2022,221.5469,231.0473
EUR,2/25/2022,222.1528,231.6635
EUR,2/24/2022,223.8654,233.4064
EUR,2/23/2022,224.7355,234.292
EUR,2/22/2022,224.1836,233.7302
EUR,2/21/2022,225.188,234.7525
EUR,2/18/2022,225.4014,234.9703
EUR,2/17/2022,226.6952,235.2686
EUR,2/15/2022,224.2805,232.8288
EUR,2/14/2022,224.9871,233.5469
EUR,2/11/2022,226.0938,234.6727
EUR,2/10/2022,226.4561,235.0427
EUR,2/9/2022,226.47,235.0588
EUR,2/8/2022,226.655,235.2451
EUR,2/7/2022,226.8096,235.4015
EUR,2/3/2022,224.0962,232.6414
EUR,2/2/2022,223.6185,232.1549
EUR,2/1/2022,222.6575,231.1765
EUR,1/31/2022,220.9993,229.5271
EUR,1/28/2022,220.7904,229.3146
EUR,1/27/2022,222.4859,231.0402
EUR,1/26/2022,223.9675,232.5482
EUR,1/25/2022,224.1427,232.7243
EUR,1/24/2022,224.4946,233.0845
EUR,1/21/2022,224.1121,232.9417
EUR,1/20/2022,224.9587,233.8008
EUR,1/19/2022,224.2415,233.0732
EUR,1/18/2022,226.1464,235.0108
EUR,1/13/2022,226.6307,235.5041
EUR,1/12/2022,225.2398,234.0892
EUR,1/11/2022,224.6494,233.4879
EUR,1/10/2022,224.7741,233.6141
EUR,1/7/2022,223.8242,232.6478
EUR,1/6/2022,224.0627,232.8909
EUR,1/5/2022,223.5556,232.3746
EUR,1/4/2022,223.9533,232.7795
EUR,1/3/2022,224.8891,233.7299
EUR,12/31/2021,224.1969,233.0274
EUR,12/30/2021,224.719,233.5588
EUR,12/29/2021,223.8536,232.6785
EUR,12/28/2021,224.222,233.0526
EUR,12/27/2021,224.1772,233.007
EUR,12/24/2021,224.3262,233.159
EUR,12/23/2021,224.5848,233.4221
EUR,12/22/2021,223.4812,232.2985
EUR,12/21/2021,223.4558,232.2737
EUR,12/20/2021,222.6061,231.4079
EUR,12/17/2021,224.2367,233.0679
EUR,12/16/2021,223.6311,232.2025
EUR,12/15/2021,223.133,231.6973
EUR,12/14/2021,223.4659,232.0365
EUR,12/13/2021,223.9254,232.5001
EUR,12/10/2021,223.7761,232.3484
EUR,12/9/2021,224.512,233.0972
EUR,12/8/2021,223.478,232.0446
EUR,12/7/2021,223.4676,232.0348
EUR,12/6/2021,223.6718,232.2319
EUR,12/3/2021,223.7719,232.3325
EUR,12/2/2021,224.5024,233.0767
EUR,12/1/2021,224.2742,232.8435
EUR,11/30/2021,223.741,232.495
EUR,11/29/2021,223.5286,232.0843
EUR,11/26/2021,222.166,230.698
EUR,11/25/2021,221.9868,230.516
EUR,11/24/2021,222.2149,230.5969
EUR,11/23/2021,222.057,230.4339
EUR,11/22/2021,222.8666,231.2595
EUR,11/19/2021,224.5665,232.9907
EUR,11/17/2021,223.8524,232.2625
EUR,11/16/2021,224.9662,233.3976
EUR,11/15/2021,226.536,234.9941
EUR,11/12/2021,226.1229,234.5744
EUR,11/11/2021,226.9186,235.3839
EUR,11/10/2021,229.1363,237.6407
EUR,11/9/2021,229.022,237.5242
EUR,11/8/2021,228.4601,236.9525
EUR,11/5/2021,228.3609,236.8511
EUR,11/3/2021,228.9785,237.4803
EUR,11/2/2021,229.3023,237.8099
EUR,11/1/2021,228.4948,236.988
EUR,10/29/2021,230.912,239.4467
EUR,10/28/2021,229.3288,237.8393
EUR,10/27/2021,229.3653,237.8732
EUR,10/26/2021,229.4498,237.9593
EUR,10/25/2021,230.2,238.7239
EUR,10/22/2021,229.9368,238.4554
EUR,10/21/2021,230.5428,239.0733
EUR,10/18/2021,229.2004,237.7058
EUR,10/15/2021,229.3297,237.8372
EUR,10/14/2021,229.2013,237.7061
EUR,10/13/2021,228.4499,236.9426
EUR,10/12/2021,228.3454,236.8363
EUR,10/11/2021,228.8433,237.3418
EUR,10/8/2021,228.5097,237.0032
EUR,10/7/2021,228.4401,236.9323
EUR,10/6/2021,229.1761,237.6812
EUR,10/5/2021,229.4595,237.9696
EUR,10/4/2021,229.3458,237.8526
EUR,10/1/2021,228.7623,237.2622
EUR,9/30/2021,229.4296,237.9393
EUR,9/29/2021,230.9459,239.4829
EUR,9/28/2021,231.0902,239.6296
EUR,9/27/2021,231.8062,240.3582
EUR,9/24/2021,232.1648,240.7221
EUR,9/23/2021,231.2346,239.7761
EUR,9/22/2021,231.921,240.4743
EUR,9/21/2021,232.0651,240.621
EUR,9/17/2021,232.6144,241.1797
EUR,9/16/2021,233.7081,242.2932
EUR,9/15/2021,233.5417,242.124
EUR,9/14/2021,233.4671,242.0481
EUR,9/13/2021,233.3925,241.9723
EUR,9/10/2021,233.7556,242.3416
EUR,9/9/2021,233.72,242.3068
EUR,9/8/2021,234.2577,242.8528
EUR,9/7/2021,234.9138,243.5209
EUR,9/6/2021,263.5472,273.5229
EUR,9/3/2021,249.5352,259.009
EUR,9/2/2021,248.8222,258.085
EUR,9/1/2021,237.897,245.8991
EUR,8/31/2021,235.5881,244.4379
EUR,8/30/2021,233.1744,241.3938
EUR,8/27/2021,232.3994,240.3678
EUR,8/26/2021,232.3467,240.5553
EUR,8/25/2021,232.4621,239.7589
EUR,8/24/2021,232.4802,239.7746
EUR,8/23/2021,230.8826,238.5628
EUR,8/20/2021,230.3613,237.8147
EUR,8/19/2021,230.2697,237.7183
EUR,8/18/2021,231.2632,238.3625
EUR,8/17/2021,232.022,239.3115
EUR,8/16/2021,232.8484,239.6734
EUR,8/13/2021,231.7755,238.5758
EUR,8/12/2021,231.3935,238.4798
EUR,8/11/2021,230.5287,238.1012
EUR,8/10/2021,231.3193,238.3962
EUR,8/9/2021,231.7586,238.8505
EUR,8/6/2021,233.0296,240.154
EUR,8/5/2021,233.2523,240.38
EUR,8/4/2021,234.0004,241.1405
EUR,8/3/2021,234.02,241.165
EUR,8/2/2021,233.9366,241.08
EUR,7/30/2021,233.6903,241.3205
EUR,7/29/2021,233.6481,240.7736
EUR,7/28/2021,233.0575,240.1782
EUR,7/27/2021,232.6615,239.7727
EUR,7/26/2021,231.6099,239.2056
EUR,7/22/2021,232.006,239.6001
EUR,7/20/2021,232.5223,239.6311
EUR,7/19/2021,232.6338,239.7443
EUR,7/16/2021,232.7983,239.9177
EUR,7/15/2021,233.1126,240.234
EUR,7/14/2021,232.2462,239.3406
EUR,7/13/2021,233.5065,241.1295
EUR,7/12/2021,233.7069,241.1356
EUR,7/9/2021,233.304,240.4245
EUR,7/8/2021,232.3774,239.4819
EUR,7/7/2021,233.0176,240.1379
EUR,7/6/2021,234.0005,241.1405
EUR,7/5/2021,233.3804,240.8073
EUR,7/2/2021,232.9338,240.5538
EUR,7/1/2021,233.5765,240.709
EUR,6/30/2021,234.1223,241.761
EUR,6/29/2021,234.7046,241.9864
EUR,6/28/2021,234.9134,242.1902
EUR,6/25/2021,235.2454,242.5373
EUR,6/23/2021,234.5605,242.2036
EUR,6/22/2021,234.6151,241.8713
EUR,6/21/2021,233.2892,240.8931
EUR,6/18/2021,234.8713,242.1358
EUR,6/17/2021,236.1525,243.7292
EUR,6/16/2021,238.4944,246.1995
EUR,6/15/2021,238.5617,246.1835
EUR,6/14/2021,238.0402,245.731
EUR,6/11/2021,239.8602,247.5092
EUR,6/10/2021,239.4682,247.1891
EUR,6/9/2021,239.7405,247.3866
EUR,6/8/2021,239.6491,247.3655
EUR,6/7/2021,239.6904,247.0656
EUR,6/4/2021,238.6406,246.1072
EUR,6/3/2021,240.9332,247.9712
EUR,6/2/2021,241.2474,248.2941
EUR,6/1/2021,241.3668,248.415
EUR,5/31/2021,240.7901,247.83
EUR,5/28/2021,240.5216,247.5574
EUR,5/25/2021,241.3329,248.3849
EUR,5/24/2021,240.3905,247.4243
EUR,5/21/2021,241.7469,248.4593
EUR,5/20/2021,239.9045,247.3765
EUR,5/19/2021,240.6335,247.8917
EUR,5/18/2021,239.6864,246.6438
EUR,5/17/2021,239.2875,246.4532
EUR,5/13/2021,237.7574,245.0039
EUR,5/12/2021,238.8127,245.1675
EUR,5/11/2021,239.1215,245.4918
EUR,5/10/2021,239.4485,245.6863
EUR,5/7/2021,237.2277,243.8777
EUR,5/6/2021,235.3953,242.4943
EUR,5/5/2021,233.211,241.3947
EUR,5/4/2021,234.2258,241.0167
EUR,5/3/2021,233.6182,240.6407
EUR,4/30/2021,235.4849,242.5525
EUR,4/29/2021,235.7877,242.8161
EUR,4/28/2021,234.4033,241.2896
EUR,4/27/2021,233.4294,240.7216
EUR,4/23/2021,230.2537,239.4947
EUR,4/22/2021,231.7657,240.9405
EUR,4/21/2021,233.996,242.6057
EUR,4/20/2021,229.5439,235.9148
EUR,4/19/2021,223.5543,230.2098
EUR,4/16/2021,232.9598,241.659
EUR,4/15/2021,238.3356,245.8497
EUR,4/12/2021,235.9324,242.9533
EUR,4/9/2021,235.9308,243.1128
EUR,4/8/2021,235.518,242.1778
EUR,4/7/2021,234.7038,241.4195
EUR,4/6/2021,232.9319,239.9963
EUR,4/5/2021,231.3073,238.3815
EUR,4/1/2021,230.3546,237.6821
EUR,3/31/2021,229.8744,237.4016
EUR,3/30/2021,231.9724,238.161
EUR,3/29/2021,232.3339,238.2552
EUR,3/26/2021,231.4562,238.0716
EUR,3/25/2021,232.2472,238.1682
EUR,3/24/2021,232.9637,238.9687
EUR,3/23/2021,233.9368,239.9739
EUR,3/22/2021,232.3628,238.3818
EUR,3/19/2021,232.212,238.771
EUR,3/18/2021,233.1295,241.9902
EUR,3/17/2021,233.9376,240.6677
EUR,3/16/2021,231.7773,239.4779
EUR,3/15/2021,232.2767,238.8382
EUR,3/12/2021,231.8751,238.6082
EUR,3/10/2021,230.5839,236.5146
EUR,3/9/2021,229.8974,235.954
EUR,3/8/2021,229.9072,236.8063
EUR,3/5/2021,230.9809,237.709
EUR,3/4/2021,233.2876,239.3693
EUR,3/3/2021,233.1015,239.8199
EUR,3/2/2021,231.1376,237.845
EUR,3/1/2021,231.888,238.6626
EUR,2/25/2021,233.5326,239.639
EUR,2/24/2021,232.9214,239.0328
EUR,2/23/2021,232.4452,238.785
EUR,2/22/2021,233.6952,239.8236
EUR,2/19/2021,233.6657,240.5025
EUR,2/18/2021,231.8116,239.395
EUR,2/17/2021,233.5846,240.9903
EUR,2/16/2021,234.5761,240.7226
EUR,2/15/2021,233.6053,239.5857
EUR,2/12/2021,232.1938,238.2858
EUR,2/11/2021,233.973,240.9759
EUR,2/10/2021,232.6843,240.057
EUR,2/9/2021,231.1213,237.9966
EUR,2/8/2021,229.7645,236.7012
EUR,2/5/2021,228.482,234.6503
EUR,2/3/2021,231.0596,238.8794
EUR,2/2/2021,229.5316,236.7631
EUR,2/1/2021,228.2932,234.8034
EUR,1/29/2021,229.1927,235.5134
EUR,1/27/2021,233.7095,241.8405
EUR,1/26/2021,234.5731,242.1688
EUR,1/25/2021,235.9899,243.5142
EUR,1/22/2021,236.1862,243.4036
EUR,1/21/2021,232.6594,240.318
EUR,1/20/2021,233.9688,241.3966
EUR,1/19/2021,231.1936,237.8727
EUR,1/18/2021,230.4325,237.3172
EUR,1/15/2021,231.5872,238.6519
EUR,1/13/2021,231.3253,237.4452
EUR,1/12/2021,229.6119,235.9768
EUR,1/11/2021,228.0735,235.1102
EUR,1/8/2021,237.847,234.2258
EUR,1/7/2021,230.2519,237.0256
EUR,1/6/2021,230.1819,236.5615
EUR,1/5/2021,229.1055,236.0804
EUR,1/4/2021,225.6029,233.5892
EUR,1/1/2021,224.9103,232.944
EUR,12/31/2020,225.5407,233.5264
EUR,12/30/2020,226.565,234.5707
EUR,12/28/2020,226.8394,235.7107
EUR,12/24/2020,229.6236,238.9572
EUR,12/23/2020,227.8963,235.9886
EUR,12/22/2020,227.1588,235.1091
EUR,12/21/2020,225.6041,233.4249
EUR,12/18/2020,226.0615,234.2493
EUR,12/17/2020,225.9438,233.8795
EUR,12/16/2020,223.8179,232.0689
EUR,12/15/2020,223.9447,231.7329
EUR,12/14/2020,222.6439,230.5063
EUR,12/11/2020,222.2769,229.9
EUR,12/10/2020,220.8595,228.5877
EUR,12/9/2020,221.8557,229.714
EUR,12/8/2020,221.8424,229.5892
EUR,12/7/2020,221.8934,229.6473
EUR,12/4/2020,222.0402,229.9054
EUR,12/3/2020,222.0416,229.9015
EUR,12/2/2020,220.6383,228.2353
EUR,12/1/2020,218.4127,225.8472
EUR,11/30/2020,218.3223,225.7683
EUR,11/27/2020,216.9359,224.3727
EUR,11/26/2020,217.6493,225.1775
EUR,11/25/2020,217.3269,224.7648
EUR,11/24/2020,215.8147,223.2357
EUR,11/23/2020,216.4103,223.9289
EUR,11/20/2020,215.9209,223.4341
EUR,11/19/2020,215.0417,222.5638
EUR,11/18/2020,215.8591,223.3849
EUR,11/17/2020,215.8102,223.4337
EUR,11/16/2020,215.0161,222.6346
EUR,11/13/2020,214.0317,221.6294
EUR,11/12/2020,213.6041,221.1817
EUR,11/11/2020,214.3962,222.0049
EUR,11/10/2020,214.5178,222.0459
EUR,11/9/2020,215.6369,223.1593
EUR,11/6/2020,214.1947,221.7869
EUR,11/5/2020,212.5337,220.0173
EUR,11/4/2020,211.0043,218.5362
EUR,11/3/2020,211.1834,218.6298
EUR,11/2/2020,210.9035,218.359
EUR,10/29/2020,212.8676,220.3647
EUR,10/28/2020,213.4041,220.892
EUR,10/27/2020,214.0473,221.6347
EUR,10/26/2020,214.2842,221.8879
EUR,10/23/2020,213.7369,221.3223
EUR,10/22/2020,214.4381,222.0465
EUR,10/21/2020,214.745,222.2613
EUR,10/20/2020,213.2539,220.7399
EUR,10/19/2020,212.1636,219.6417
EUR,10/16/2020,212.3403,219.8285
EUR,10/15/2020,213.2105,220.7831
EUR,10/14/2020,212.7396,220.2337
EUR,10/13/2020,213.5891,221.0882
EUR,10/12/2020,213.9765,221.4824
EUR,10/9/2020,213.212,220.7107
EUR,10/8/2020,213.221,220.7108
EUR,10/7/2020,212.8265,220.3209
EUR,10/6/2020,213.8969,221.4906
EUR,10/5/2020,212.8736,220.3702
EUR,10/2/2020,213.292,220.7824
EUR,9/30/2020,213.7154,221.2195
EUR,9/29/2020,212.6924,220.1783
EUR,9/28/2020,211.8658,219.3273
EUR,9/25/2020,212.3304,219.8545
EUR,9/24/2020,211.9634,219.5098
EUR,9/23/2020,212.6109,220.1364
EUR,9/22/2020,214.3713,221.9197
EUR,9/21/2020,216.1771,223.7562
EUR,9/18/2020,215.4987,223.0712
EUR,9/17/2020,213.8636,221.4556
EUR,9/16/2020,214.7341,222.3499
EUR,9/15/2020,215.3014,222.9265
EUR,9/14/2020,214.7747,222.3799
EUR,9/11/2020,214.7642,222.385
EUR,9/10/2020,214.2133,221.8197
EUR,9/9/2020,213.3319,220.9227
EUR,9/8/2020,214.2455,221.8617
EUR,9/7/2020,215.2957,222.9085
EUR,9/4/2020,215.7421,223.3692
EUR,9/3/2020,215.4307,223.0365
EUR,9/2/2020,217.5323,225.1715
EUR,8/31/2020,218.1091,225.7585
EUR,8/28/2020,216.3792,224.0016
EUR,8/27/2020,216.6397,224.2588
EUR,8/26/2020,216.4936,224.0948
EUR,8/25/2020,214.6493,222.1823
EUR,8/24/2020,213.9535,221.5421
EUR,8/21/2020,215.3869,223.0018
EUR,8/20/2020,216.2264,224.6626
EUR,8/19/2020,216.3445,223.8642
EUR,8/18/2020,214.6724,222.1653
EUR,8/17/2020,213.3753,221.0111
EUR,8/14/2020,212.3692,219.8272
EUR,8/13/2020,212.2976,219.7615
EUR,8/12/2020,212.0566,219.5061
EUR,8/11/2020,213.0812,220.6707
EUR,8/10/2020,214.6624,222.3881
EUR,8/7/2020,215.802,223.5464
EUR,8/6/2020,216.375,224.116
EUR,8/5/2020,215.4065,223.1349
EUR,8/4/2020,214.6228,222.336
EUR,7/31/2020,216.832,224.5957
EUR,7/30/2020,214.9281,222.6446
EUR,7/29/2020,214.0395,221.7474
EUR,7/28/2020,214.4485,222.121
EUR,7/27/2020,213.692,221.3619
EUR,7/24/2020,211.9845,219.6115
EUR,7/23/2020,211.2629,218.8808
EUR,7/22/2020,210.7153,218.3323
EUR,7/21/2020,209.2026,216.7904
EUR,7/20/2020,208.3583,216.04
EUR,7/17/2020,207.7579,215.4351
EUR,7/16/2020,208.2011,215.8775
EUR,7/15/2020,208.1896,215.851
EUR,7/14/2020,207.0102,214.6533
EUR,7/13/2020,206.6945,214.3267
EUR,7/10/2020,205.73,213.365
EUR,7/9/2020,207.0047,214.6529
EUR,7/8/2020,205.8876,213.4238
EUR,7/7/2020,206.4919,214.1296
EUR,7/6/2020,205.8787,213.4149
EUR,7/3/2020,205.5255,213.128
EUR,7/2/2020,205.7216,213.3647
EUR,7/1/2020,205.4439,213.0808
EUR,6/30/2020,205.6481,213.091
EUR,6/29/2020,205.4415,213.0897
EUR,6/26/2020,204.4685,212.0866
EUR,6/25/2020,205.9972,213.6489
EUR,6/24/2020,207.2998,214.9543
EUR,6/23/2020,206.2872,214.0374
EUR,6/22/2020,204.8528,212.5265
EUR,6/19/2020,205.2277,212.8638
EUR,6/18/2020,205.8748,213.2393
EUR,6/17/2020,205.7824,213.4976
EUR,6/16/2020,206.8888,214.7986
EUR,6/15/2020,204.6968,212.4703
EUR,6/12/2020,205.21,212.9993
EUR,6/11/2020,206.9142,214.7281
EUR,6/10/2020,206.0339,213.8328
EUR,6/9/2020,205.0927,212.941
EUR,6/8/2020,205.5323,213.2635
EUR,6/4/2020,204.5299,212.2883
EUR,6/3/2020,204.281,212.0845
EUR,6/2/2020,203.0575,210.7411
EUR,6/1/2020,203.3713,211.1374
EUR,5/29/2020,202.4524,210.1916
EUR,5/28/2020,201.2645,209.0015
EUR,5/27/2020,199.9856,207.691
EUR,5/26/2020,198.788,206.4953
EUR,5/22/2020,200.1482,207.6084
EUR,5/21/2020,200.8548,208.5599
EUR,5/20/2020,200.8659,208.5619
EUR,5/19/2020,200.4,208.0992
EUR,5/18/2020,198.9763,206.7643
EUR,5/15/2020,198.7427,206.3783
EUR,5/14/2020,199.2141,207.0113
EUR,5/13/2020,199.3715,207.638
EUR,5/12/2020,198.3551,206.292
EUR,5/11/2020,199.0578,207.3343
EUR,5/6/2020,201.4976,208.7604
EUR,5/5/2020,201.6793,210.2072
EUR,5/4/2020,205.437,213.221
EUR,4/30/2020,205.9998,213.8391
EUR,4/29/2020,204.9412,213.5993
EUR,4/28/2020,205.072,213.3681
EUR,4/27/2020,204.0707,213.4173
EUR,4/24/2020,204.0495,213.9831
EUR,4/23/2020,205.886,215.6474
EUR,4/22/2020,205.7307,215.9642
EUR,4/21/2020,204.9465,214.6035
EUR,4/20/2020,204.8441,214.5597
EUR,4/17/2020,203.619,213.4799
EUR,4/16/2020,204.7894,213.8269
EUR,4/15/2020,205.892,215.933
EUR,4/9/2020,209.6556,218.7427
EUR,4/8/2020,209.7687,218.8635
EUR,4/6/2020,207.8823,216.9264
EUR,4/3/2020,203.3382,211.6695
EUR,4/2/2020,204.1065,212.3575
EUR,4/1/2020,205.414,213.7149
EUR,3/31/2020,205.2684,213.5619
EUR,3/30/2020,206.5704,214.8919
EUR,3/27/2020,205.9475,213.7887
EUR,3/24/2020,199.8546,207.3458
EUR,3/20/2020,197.7215,205.1523
EUR,3/19/2020,199.2332,206.4447
EUR,3/18/2020,200.3023,207.5517
EUR,3/17/2020,202.6299,209.946
EUR,3/13/2020,201.431,208.5056
EUR,3/12/2020,203.1079,209.9965
EUR,3/11/2020,203.1788,210.04
EUR,3/10/2020,204.0564,210.9512
EUR,3/6/2020,200.7997,207.6238
EUR,3/5/2020,199.3264,206.1152
EUR,3/4/2020,199.8207,206.6204
EUR,3/3/2020,199.2367,206.0253
EUR,3/2/2020,197.6668,204.4078
EUR,2/28/2020,196.3633,203.0768
EUR,2/27/2020,194.7252,201.4027
EUR,2/26/2020,194.0725,200.7459
EUR,2/25/2020,193.9524,200.6124
EUR,2/24/2020,193.1725,199.8147
EUR,2/20/2020,193.042,199.6829
EUR,2/19/2020,192.7531,199.3916
EUR,2/18/2020,193.1847,199.8334
EUR,2/17/2020,193.2803,199.9313
EUR,2/14/2020,193.1889,199.842
EUR,2/13/2020,193.8263,200.4907
EUR,2/12/2020,194.6306,201.3232
EUR,2/11/2020,194.563,201.2565
EUR,2/10/2020,195.2705,201.9682
EUR,2/7/2020,195.8066,202.5192
EUR,2/6/2020,196.0653,202.7788
EUR,2/5/2020,196.8549,203.5865
EUR,2/3/2020,197.6346,204.3846
EUR,1/31/2020,196.7115,203.4507
EUR,1/30/2020,196.439,203.1622
EUR,1/29/2020,196.5301,203.2533
EUR,1/28/2020,196.617,203.3437
EUR,1/27/2020,196.7652,203.4947
EUR,1/24/2020,197.1288,203.868
EUR,1/23/2020,197.7018,204.4645
EUR,1/22/2020,197.5236,204.2827
EUR,1/21/2020,197.732,204.4977
EUR,1/20/2020,197.7493,204.5037
EUR,1/17/2020,198.4631,205.233
EUR,1/16/2020,198.9907,205.7807
EUR,1/14/2020,198.6694,205.455
EUR,1/13/2020,198.2887,205.0545
EUR,1/9/2020,198.4481,205.2147
EUR,1/8/2020,198.8393,205.6283
EUR,1/7/2020,199.4823,206.2778
EUR,1/6/2020,199.0001,205.7833
EUR,1/3/2020,199.0554,205.9536
EUR,1/2/2020,199.8047,206.6139
EUR,1/1/2020,199.9285,206.7367
EUR,12/31/2019,200.0786,206.8858
EUR,12/30/2019,199.7985,206.6089
EUR,12/27/2019,198.0875,204.8622
EUR,12/26/2019,197.6161,204.3674
EUR,12/24/2019,197.5259,204.2754
EUR,12/23/2019,197.1742,203.9183
EUR,12/20/2019,198.0972,204.9708
EUR,12/19/2019,198.0563,204.8191
EUR,12/18/2019,198.2145,204.9907
EUR,12/17/2019,198.3556,205.1262
EUR,12/16/2019,198.0805,204.846
EUR,12/13/2019,198.6258,205.3992
EUR,12/12/2019,198.3315,205.0988
EUR,12/10/2019,197.1888,203.9237
EUR,12/9/2019,196.929,203.6628
EUR,12/6/2019,198.0934,204.8572
EUR,12/5/2019,197.4799,204.2316
EUR,12/4/2019,197.6281,204.3772
EUR,12/3/2019,197.1608,203.9156
EUR,12/2/2019,195.8476,202.5617
EUR,11/29/2019,195.52,202.237
EUR,11/28/2019,195.6372,202.3482
EUR,11/27/2019,196.5521,203.2773
EUR,11/26/2019,195.6727,202.3881
EUR,11/25/2019,195.0159,201.7313
EUR,11/22/2019,195.3069,202.0214
EUR,11/21/2019,195.2182,201.9404
EUR,11/20/2019,195.1686,201.8802
EUR,11/19/2019,195.3557,202.0727
EUR,11/18/2019,195.5841,202.304
EUR,11/15/2019,195.4604,202.1712
EUR,11/14/2019,195.0475,201.7482
EUR,11/13/2019,195.4197,202.139
EUR,11/8/2019,196.3452,203.0846
EUR,11/7/2019,196.4927,203.2343
EUR,11/6/2019,196.3173,203.0593
EUR,11/5/2019,197.2751,204.0266
EUR,11/4/2019,198.8432,205.6238
EUR,11/1/2019,198.8946,205.6746
EUR,10/31/2019,199.0409,206.3151
EUR,10/30/2019,198.2092,204.9702
EUR,10/29/2019,197.906,204.6611
EUR,10/28/2019,197.4844,204.2322
EUR,10/25/2019,197.7811,204.5482
EUR,10/24/2019,198.5213,205.2923
EUR,10/23/2019,198.4663,205.2345
EUR,10/22/2019,199.1722,205.9556
EUR,10/21/2019,199.4872,206.2754
EUR,10/18/2019,198.9225,205.6846
EUR,10/17/2019,197.9842,204.7253
EUR,10/16/2019,197.1066,203.8317
EUR,10/15/2019,196.2139,202.9232
EUR,10/14/2019,195.7442,202.4442
EUR,10/11/2019,195.4618,202.1699
EUR,10/10/2019,194.9416,201.6304
EUR,10/9/2019,194.3824,201.0618
EUR,10/8/2019,195.051,201.7518
EUR,10/7/2019,195.768,202.4694
EUR,10/4/2019,195.8247,202.5265
EUR,10/3/2019,195.8201,202.5274
EUR,10/2/2019,195.957,202.6645
EUR,10/1/2019,194.7938,201.4766
EUR,9/30/2019,195.3925,202.0915
EUR,9/27/2019,195.095,201.7759
EUR,9/26/2019,195.5334,202.2287
EUR,9/25/2019,195.9379,202.6424
EUR,9/24/2019,195.9312,202.6388
EUR,9/23/2019,196.1587,202.8717
EUR,9/20/2019,196.5284,203.2603
EUR,9/19/2019,195.9664,202.6798
EUR,9/18/2019,196.4637,203.0414
EUR,9/17/2019,195.3121,201.8743
EUR,9/16/2019,196.3766,202.9629
EUR,9/12/2019,195.2509,201.8131
EUR,9/11/2019,195.9243,202.4889
EUR,9/10/2019,195.937,202.5015
EUR,9/9/2019,195.9445,202.515
EUR,9/6/2019,195.961,202.5361
EUR,9/5/2019,195.6791,202.2497
EUR,9/4/2019,194.3627,200.898
EUR,9/3/2019,193.3371,199.8601
EUR,9/2/2019,193.7091,200.2449
EUR,8/30/2019,195.8683,202.4444
EUR,8/29/2019,196.6031,203.1836
EUR,8/28/2019,195.9196,202.4849
EUR,8/27/2019,196.0824,202.6633
EUR,8/26/2019,196.8959,203.4949
EUR,8/23/2019,195.4107,201.9755
EUR,8/22/2019,194.8508,201.4045
EUR,8/21/2019,194.1366,200.6861
EUR,8/20/2019,193.3544,199.8836
EUR,8/19/2019,193.1299,199.6592
EUR,8/16/2019,193.2019,199.7363
EUR,8/15/2019,193.8122,200.3655
EUR,8/13/2019,194.6587,201.2192
EUR,8/9/2019,194.732,201.2957
EUR,8/8/2019,195.5905,202.1708
EUR,8/7/2019,195.6798,202.2582
EUR,8/6/2019,195.2425,201.8292
EUR,8/5/2019,193.112,199.6515
EUR,8/2/2019,192.2442,198.7544
EUR,8/1/2019,191.4601,197.9553
EUR,7/31/2019,193.2255,199.7739
EUR,7/30/2019,192.9304,199.4742
EUR,7/29/2019,192.7851,199.324
EUR,7/26/2019,193.054,199.6
EUR,7/25/2019,192.849,199.39
EUR,7/24/2019,192.7886,199.3298
EUR,7/23/2019,193.5816,200.1426
EUR,7/22/2019,193.7368,200.3033
EUR,7/19/2019,194.5327,201.119
EUR,7/18/2019,194.0195,200.5969
EUR,7/17/2019,193.5977,200.1693
EUR,7/15/2019,194.411,200.995
EUR,7/12/2019,194.3211,200.9036
EUR,7/11/2019,194.5094,201.1073
EUR,7/10/2019,193.5833,200.1469
EUR,7/9/2019,194.0451,200.6144
EUR,7/8/2019,194.2894,200.9797
EUR,7/5/2019,195.2424,201.9543
EUR,7/4/2019,195.3242,202.0501
EUR,7/3/2019,195.6015,202.3203
EUR,7/2/2019,195.481,202.1985
EUR,7/1/2019,196.8932,203.6444
EUR,6/28/2019,197.2812,204.0475
EUR,6/27/2019,197.1229,203.8835
EUR,6/26/2019,196.9113,203.669
EUR,6/25/2019,197.8317,204.6092
EUR,6/24/2019,197.614,204.5159
EUR,6/21/2019,196.238,203.1015
EUR,6/20/2019,195.5828,202.4428
EUR,6/19/2019,194.3877,201.2145
EUR,6/18/2019,194.9268,201.9876
EUR,6/17/2019,194.7314,201.7951
EUR,6/14/2019,195.5016,202.5807
EUR,6/13/2019,195.695,202.7772
EUR,6/12/2019,196.2963,203.3943
EUR,6/11/2019,195.9623,203.0518
EUR,6/10/2019,196.005,203.0953
EUR,6/7/2019,195.2066,202.2918
EUR,6/6/2019,194.5676,201.6342
EUR,6/4/2019,194.9228,201.9935
EUR,6/3/2019,193.7649,200.8107
EUR,5/31/2019,192.8184,199.8406
EUR,5/30/2019,192.7616,199.7746
EUR,5/29/2019,193.185,200.2227
EUR,5/28/2019,193.5277,200.557
EUR,5/27/2019,194.1023,201.1471
EUR,5/24/2019,193.6164,200.6477
EUR,5/23/2019,193.4325,200.4563
EUR,5/22/2019,193.1272,200.1496
EUR,5/21/2019,192.8511,199.8817
EUR,5/17/2019,193.1069,200.1317
EUR,5/16/2019,193.962,201.0042
EUR,5/15/2019,194.4409,201.4972
EUR,5/14/2019,194.698,201.7641
EUR,5/13/2019,194.4002,201.4644
EUR,5/10/2019,193.7834,200.8385
EUR,5/9/2019,192.2417,199.2587
EUR,5/8/2019,194.5776,201.6368
EUR,5/7/2019,195.1756,202.2336
EUR,5/6/2019,194.6378,201.6973
EUR,5/3/2019,194.0382,201.0745
EUR,5/2/2019,193.8446,200.8903
EUR,4/30/2019,193.17,200.1946
EUR,4/29/2019,192.2829,199.2919
EUR,4/26/2019,191.5469,198.5396
EUR,4/25/2019,191.6445,198.6448
EUR,4/24/2019,192.3306,199.3637
EUR,4/23/2019,192.8928,199.9248
EUR,4/22/2019,192.491,199.5259
EUR,4/18/2019,193.5472,200.4834
EUR,4/17/2019,193.7249,200.6764
EUR,4/16/2019,193.7527,200.7004
EUR,4/12/2019,193.62,200.5648
EUR,4/11/2019,193.4247,200.3567
EUR,4/10/2019,193.183,200.1119
EUR,4/9/2019,193.1724,200.1239
EUR,4/8/2019,192.7055,199.6464
EUR,4/5/2019,192.5354,199.4602
EUR,4/4/2019,192.8029,199.7343
EUR,4/3/2019,192.3079,199.2398
EUR,4/2/2019,192.3249,199.2582
EUR,4/1/2019,193.4188,200.3594
EUR,3/29/2019,194.2961,201.2489
EUR,3/28/2019,194.7947,201.7687
EUR,3/27/2019,196.3515,203.3368
EUR,3/26/2019,197.9761,204.9965
EUR,3/25/2019,197.536,204.545
EUR,3/22/2019,198.8081,205.865
EUR,3/21/2019,200.2902,207.3593
EUR,3/19/2019,198.6634,205.7104
EUR,3/18/2019,198.5921,205.634
EUR,3/15/2019,198.724,205.7633
EUR,3/14/2019,198.8625,205.8992
EUR,3/13/2019,198.1635,205.1977
EUR,3/12/2019,197.443,204.4573
EUR,3/11/2019,196.7019,203.7038
EUR,3/8/2019,196.12,203.1044
EUR,3/7/2019,198.1183,205.1412
EUR,3/6/2019,198.663,205.692
EUR,3/5/2019,200.0562,207.1116
EUR,3/1/2019,200.9408,208.0287
EUR,2/28/2019,200.9951,208.0744
EUR,2/27/2019,200.9763,208.0672
EUR,2/26/2019,200.423,207.4888
EUR,2/25/2019,199.9688,207.0245
EUR,2/22/2019,199.8773,206.9457
EUR,2/21/2019,199.9686,207.0308
EUR,2/20/2019,200.3029,207.3671
EUR,2/18/2019,198.4907,205.5229
EUR,2/15/2019,197.8721,204.8972
EUR,2/14/2019,197.5226,204.5327
EUR,2/13/2019,198.4317,205.4749
EUR,2/12/2019,197.025,204.0421
EUR,2/11/2019,197.7698,204.7934
EUR,2/8/2019,197.8802,204.9055
EUR,2/7/2019,198.362,205.41
EUR,2/6/2019,199.5096,206.5694
EUR,2/5/2019,198.8817,205.9086
EUR,2/1/2019,200.4952,207.5449
EUR,1/31/2019,202.7328,209.8354
EUR,1/30/2019,203.2828,210.3699
EUR,1/29/2019,203.883,210.9883
EUR,1/28/2019,203.6628,210.7595
EUR,1/25/2019,202.0507,209.1131
EUR,1/24/2019,203.7501,210.8516
EUR,1/23/2019,203.2992,210.3773
EUR,1/22/2019,202.9918,210.0784
EUR,1/21/2019,202.9724,210.0454
EUR,1/18/2019,203.5769,210.676
EUR,1/17/2019,204.0042,211.1101
EUR,1/16/2019,204.0001,211.2176
EUR,1/14/2019,204.98,212.2235
EUR,1/11/2019,205.9126,213.1706
EUR,1/10/2019,206.9229,214.2
EUR,1/9/2019,205.3074,212.5524
EUR,1/8/2019,204.9729,212.2031
EUR,1/7/2019,204.8454,212.0691
EUR,1/4/2019,204.6864,211.9105
EUR,1/3/2019,203.8811,211.0871
EUR,1/2/2019,205.4176,212.6642
EUR,1/1/2019,205.8341,213.0855
EUR,12/31/2018,205.4534,212.6861
EUR,12/28/2018,204.9981,212.2402
EUR,12/27/2018,203.0281,210.2244
EUR,12/26/2018,203.2208,210.433
EUR,12/24/2018,202.4816,209.6677
EUR,12/21/2018,203.3821,210.6008
EUR,12/20/2018,201.5822,208.7501
EUR,12/19/2018,201.2486,208.4133
EUR,12/18/2018,200.5221,207.6733
EUR,12/17/2018,199.6613,206.8056
EUR,12/14/2018,200.2373,207.3987
EUR,12/13/2018,200.3363,207.4896
EUR,12/12/2018,199.3906,206.5234
EUR,12/11/2018,199.745,206.8842
EUR,12/10/2018,200.6684,207.8447
EUR,12/7/2018,200.1499,207.3008
EUR,12/6/2018,199.6104,206.7439
EUR,12/5/2018,199.1486,206.2842
EUR,12/4/2018,199.4821,206.619
EUR,12/3/2018,199.5154,206.6532
EUR,11/30/2018,200.9307,208.1062
EUR,11/29/2018,200.5125,207.6768
EUR,11/28/2018,200.0696,207.2074
EUR,11/27/2018,200.4182,207.5738
EUR,11/26/2018,199.9609,207.1088
EUR,11/23/2018,200.3121,207.4665
EUR,11/21/2018,197.853,204.9775
EUR,11/19/2018,197.6335,204.7551
EUR,11/16/2018,196.2323,203.2805
EUR,11/15/2018,196.0237,203.064
EUR,11/14/2018,195.0816,202.1122
EUR,11/13/2018,193.5653,200.5545
EUR,11/12/2018,194.6623,201.6928
EUR,11/9/2018,194.9873,202.0237
EUR,11/8/2018,195.7098,202.7705
EUR,11/7/2018,195.3787,202.425
EUR,11/5/2018,194.7909,201.8253
EUR,11/2/2018,194.6654,201.7067
EUR,11/1/2018,195.3933,202.4241
EUR,10/31/2018,194.2662,201.2831
EUR,10/30/2018,194.0952,201.1221
EUR,10/29/2018,193.4188,200.4312
EUR,10/26/2018,192.6691,199.6763
EUR,10/25/2018,193.2068,200.226
EUR,10/23/2018,193.8684,200.8984
EUR,10/22/2018,193.8589,200.8982
EUR,10/19/2018,192.5277,199.5389
EUR,10/18/2018,192.9125,199.9385
EUR,10/17/2018,193.9231,200.9753
EUR,10/16/2018,193.7754,200.8374
EUR,10/15/2018,192.4689,199.501
EUR,10/12/2018,194.8752,201.9503
EUR,10/11/2018,194.0784,201.1415
EUR,10/10/2018,193.1849,200.2196
EUR,10/9/2018,192.3505,199.3401
EUR,10/8/2018,192.383,199.374
EUR,10/5/2018,191.9318,198.9228
EUR,10/4/2018,190.983,197.9513
EUR,10/3/2018,192.2032,199.2122
EUR,10/2/2018,191.9017,198.9012
EUR,10/1/2018,192.5015,199.5112
EUR,9/28/2018,193.2234,200.2569
EUR,9/27/2018,194.7145,201.7874
EUR,9/26/2018,194.9846,202.0577
EUR,9/25/2018,194.2402,201.2996
EUR,9/21/2018,195.257,202.3326
EUR,9/20/2018,191.6663,198.3235
EUR,9/19/2018,189.8919,196.5246
EUR,9/18/2018,189.3915,196.0237
EUR,9/17/2018,187.0475,193.3989
EUR,9/14/2018,187.0121,193.4841
EUR,9/13/2018,185.6219,192.0758
EUR,9/12/2018,184.6608,191.0847
EUR,9/11/2018,184.7449,191.0868
EUR,9/10/2018,183.7252,190.0402
EUR,9/7/2018,184.6205,190.9677
EUR,9/6/2018,185.5301,191.772
EUR,9/5/2018,184.5755,190.8043
EUR,9/4/2018,184.1489,190.3667
EUR,9/3/2018,183.8606,190.0777
EUR,8/31/2018,184.8905,191.1328
EUR,8/30/2018,185.4185,191.6742
EUR,8/29/2018,185.0049,191.2464
EUR,8/28/2018,184.6711,190.9088
EUR,8/27/2018,183.8277,190.0431
EUR,8/24/2018,182.3372,188.5278
EUR,8/23/2018,182.3191,188.5013
EUR,8/21/2018,181.6291,187.8044
EUR,8/20/2018,180.0887,186.2266
EUR,8/17/2018,179.2714,185.3939
EUR,8/16/2018,178.8735,184.9832
EUR,8/15/2018,178.169,184.2616
EUR,8/14/2018,179.3171,185.4336
EUR,8/13/2018,178.809,184.9165
EUR,8/10/2018,181.1462,187.3079
EUR,8/9/2018,182.4047,188.5941
EUR,8/8/2018,182.2227,188.4161
EUR,8/7/2018,181.4051,187.5798
EUR,8/6/2018,181.5162,187.6962
EUR,8/3/2018,181.7842,187.9613
EUR,8/2/2018,182.809,189.0159
EUR,8/1/2018,183.3281,189.5446
EUR,7/31/2018,183.6612,189.8923
EUR,7/30/2018,182.6616,188.8655
EUR,7/26/2018,183.9422,190.1759
EUR,7/25/2018,183.0767,189.2835
EUR,7/24/2018,183.2309,189.4508
EUR,7/23/2018,184.3858,190.6305
EUR,7/20/2018,182.8858,189.0974
EUR,7/19/2018,182.9007,189.1104
EUR,7/18/2018,183.0419,189.255
EUR,7/17/2018,183.876,189.985
EUR,7/16/2018,183.0602,189.1607
EUR,7/13/2018,182.6306,188.7173
EUR,7/12/2018,182.6599,188.7452
EUR,7/11/2018,183.5144,189.6217
EUR,7/10/2018,183.8309,189.9525
EUR,7/9/2018,183.8789,189.9989
EUR,7/6/2018,182.4259,188.5143
EUR,7/5/2018,181.7797,187.8505
EUR,7/4/2018,181.6928,187.7676
EUR,7/3/2018,181.0251,187.0801
EUR,7/2/2018,181.4355,187.5112
EUR,6/29/2018,180.7113,186.7717
EUR,6/28/2018,180.1361,186.1734
EUR,6/26/2018,182.8872,188.9891
EUR,6/25/2018,182.0932,188.1658
EUR,6/22/2018,181.9997,188.0726
EUR,6/21/2018,181.6699,187.8483
EUR,6/20/2018,181.862,188.0113
EUR,6/19/2018,182.6335,188.804
EUR,6/18/2018,181.6876,187.8395
EUR,6/14/2018,185.0091,191.1166
EUR,6/13/2018,184.0508,190.1395
EUR,6/12/2018,184.2463,190.3402
EUR,6/11/2018,184.2308,190.3232
EUR,6/8/2018,184.1562,190.2485
EUR,6/7/2018,183.8404,189.9263
EUR,6/6/2018,182.6252,188.6798
EUR,6/5/2018,182.0749,188.1216
EUR,6/4/2018,182.0637,188.1069
EUR,6/1/2018,181.8288,187.8085
EUR,5/31/2018,181.1794,187.2078
EUR,5/30/2018,179.0323,185.0144
EUR,5/28/2018,181.8058,187.8496
EUR,5/25/2018,181.761,187.8076
EUR,5/24/2018,181.6506,187.6935
EUR,5/23/2018,182.4973,188.5603
EUR,5/22/2018,182.8173,188.887
EUR,5/21/2018,182.4125,188.4666
EUR,5/18/2018,183.2207,189.2957
EUR,5/17/2018,183.827,189.9115
EUR,5/16/2018,183.5318,189.6188
EUR,5/15/2018,185.1583,191.2809
EUR,5/14/2018,185.5562,191.6931
EUR,5/11/2018,184.7746,190.8876
EUR,5/10/2018,183.965,190.0674
EUR,5/9/2018,183.6654,189.522
EUR,5/8/2018,184.75,190.632
EUR,5/4/2018,185.8298,191.8769
EUR,5/3/2018,185.5575,192.0621
EUR,5/2/2018,185.8368,192.3451
EUR,5/1/2018,186.9631,193.4984
EUR,4/27/2018,186.893,193.841
EUR,4/26/2018,188.208,194.7761
EUR,4/25/2018,188.653,195.5024
EUR,4/24/2018,187.9637,194.801
EUR,4/23/2018,188.4021,195.2552
EUR,4/20/2018,189.2954,196.1629
EUR,4/19/2018,189.7934,196.6754
EUR,4/18/2018,189.8908,196.7785
EUR,4/17/2018,189.5622,196.4369
EUR,4/16/2018,188.5633,195.4243
EUR,4/12/2018,188.9533,195.8381
EUR,4/11/2018,188.7104,195.5823
EUR,4/10/2018,188.0143,194.8617
EUR,4/9/2018,187.2035,194.0335
EUR,4/6/2018,187.1498,193.9911
EUR,4/5/2018,187.8713,194.7201
EUR,4/4/2018,187.8095,194.6516
EUR,4/3/2018,187.5282,194.3705
EUR,4/2/2018,188.3882,195.2606
EUR,3/29/2018,188.3108,195.1713
EUR,3/28/2018,190.154,197.047
EUR,3/27/2018,190.67,197.5667
EUR,3/26/2018,189.5513,196.4222
EUR,3/23/2018,188.9864,195.8535
EUR,3/22/2018,189.4097,196.2902
EUR,3/21/2018,187.7229,194.5739
EUR,3/20/2018,189.1293,196.011
EUR,3/19/2018,192.8386,199.8563
EUR,3/16/2018,188.2657,195.131
EUR,3/15/2018,189.2649,196.1437
EUR,3/14/2018,189.5261,196.4266
EUR,3/13/2018,188.3839,195.2682
EUR,3/12/2018,187.9308,194.7954
EUR,3/9/2018,187.5634,194.4354
EUR,3/8/2018,189.1124,196.0068
EUR,3/7/2018,189.0243,195.926
EUR,3/6/2018,188.0429,194.9201
EUR,3/5/2018,187.7536,194.6209
EUR,3/2/2018,186.8576,193.7002
EUR,2/28/2018,185.9823,192.8145
EUR,2/27/2018,187.6052,194.4697
EUR,2/26/2018,187.463,194.3307
EUR,2/23/2018,187.7376,194.6285
EUR,2/22/2018,187.059,193.9217
EUR,2/21/2018,188.1809,195.0748
EUR,2/20/2018,188.8908,195.7976
EUR,2/19/2018,189.3289,196.2573
EUR,2/16/2018,190.3176,197.2808
EUR,2/15/2018,190.0851,197.0414
EUR,2/14/2018,188.0869,194.9731
EUR,2/12/2018,185.9595,192.799
EUR,2/9/2018,185.6791,192.5075
EUR,2/8/2018,186.2806,191.7814
EUR,2/7/2018,187.882,194.7726
EUR,2/6/2018,187.4087,194.2854
EUR,2/2/2018,189.1008,196.0165
EUR,2/1/2018,187.6592,194.5579
EUR,1/30/2018,186.8191,193.6989
EUR,1/29/2018,187.0759,193.945
EUR,1/26/2018,187.4857,194.37
EUR,1/25/2018,187.2293,194.1071
EUR,1/24/2018,186.1577,193.0087
EUR,1/23/2018,185.3186,192.1484
EUR,1/22/2018,184.734,191.5385
EUR,1/19/2018,184.9577,191.7657
EUR,1/18/2018,184.0809,190.8791
EUR,1/17/2018,185.6062,192.442
EUR,1/16/2018,185.2763,192.0994
EUR,1/12/2018,181.8129,188.5432
EUR,1/11/2018,180.4674,187.1504
EUR,1/10/2018,180.2243,186.9116
EUR,1/9/2018,180.6708,187.3603
EUR,1/8/2018,181.4684,188.1872
EUR,1/5/2018,181.8998,188.6303
EUR,1/4/2018,181.047,187.7873
EUR,1/3/2018,181.5306,188.3087
EUR,1/2/2018,180.8551,187.6138
USD,12/31/2024,288.3293,297.0162
USD,12/30/2024,288.3393,297.0686
USD,12/27/2024,289.4972,298.295
USD,12/26/2024,290.7182,299.5208
USD,12/24/2024,292.2525,300.9844
USD,12/23/2024,289.7312,298.5262
USD,12/20/2024,288.5761,297.3339
USD,12/19/2024,287.4564,296.0725
USD,12/18/2024,286.8689,295.5003
USD,12/17/2024,286.4435,295.0915
USD,12/16/2024,285.9908,294.561
USD,12/13/2024,285.9209,294.491
USD,12/12/2024,285.9466,294.5168
USD,12/11/2024,285.9946,294.6048
USD,12/10/2024,286.021,294.6338
USD,12/9/2024,286.1018,294.7043
USD,12/6/2024,286.021,294.618
USD,12/5/2024,286.0964,294.6938
USD,12/4/2024,286.192,294.808
USD,12/3/2024,286.3884,294.9861
USD,12/2/2024,286.3962,294.973
USD,11/29/2024,286.3163,295.045
USD,11/28/2024,286.5734,295.5806
USD,11/27/2024,286.7016,295.6966
USD,11/26/2024,286.6622,295.6702
USD,11/25/2024,286.5102,295.5174
USD,11/22/2024,286.4406,295.4521
USD,11/21/2024,286.5445,295.5515
USD,11/20/2024,286.5525,295.5988
USD,11/19/2024,286.7471,295.7679
USD,11/18/2024,287.4951,296.4799
USD,11/14/2024,287.7253,296.726
USD,11/13/2024,287.9534,296.9762
USD,11/12/2024,288.1975,297.2248
USD,11/11/2024,288.1635,297.1536
USD,11/8/2024,288.132,297.1876
USD,11/7/2024,288.4047,297.4881
USD,11/6/2024,288.5439,297.6284
USD,11/5/2024,288.6776,297.7236
USD,11/4/2024,288.5542,297.6042
USD,11/1/2024,288.5988,297.6445
USD,10/30/2024,289.063,298.1487
USD,10/29/2024,289.0815,298.1697
USD,10/28/2024,289.0657,298.114
USD,10/25/2024,289.1548,298.2096
USD,10/24/2024,289.0028,298.1109
USD,10/23/2024,288.6278,297.6261
USD,10/22/2024,288.6592,297.6578
USD,10/21/2024,288.6142,297.6054
USD,10/18/2024,288.5261,297.5357
USD,10/16/2024,288.9191,297.919
USD,10/15/2024,289.1796,298.1775
USD,10/14/2024,288.5097,297.4942
USD,10/11/2024,288.4602,297.4621
USD,10/10/2024,288.6646,297.6682
USD,10/9/2024,288.5806,297.6233
USD,10/8/2024,288.9611,298.0322
USD,10/7/2024,289.5779,298.687
USD,10/4/2024,289.4949,298.4983
USD,10/3/2024,291.9436,301.1694
USD,10/2/2024,290.3097,299.3572
USD,10/1/2024,292,301.0564
USD,9/30/2024,293.5054,302.5647
USD,9/27/2024,295.303,304.3376
USD,9/26/2024,295.8071,304.915
USD,9/25/2024,297.9555,307.3183
USD,9/24/2024,299.7192,309.085
USD,9/23/2024,300.18,309.2836
USD,9/20/2024,299.9417,309.2309
USD,9/19/2024,299.2026,308.5712
USD,9/18/2024,297.7271,307.0166
USD,9/13/2024,296.4599,305.778
USD,9/12/2024,296.4174,305.6915
USD,9/11/2024,296.0824,305.3639
USD,9/10/2024,296.9231,306.3564
USD,9/9/2024,294.5968,303.8148
USD,9/6/2024,294.1826,303.3974
USD,9/5/2024,294.366,303.5903
USD,9/4/2024,294.4895,303.7063
USD,9/3/2024,294.6561,303.8345
USD,9/2/2024,294.7836,303.8481
USD,8/30/2024,295.3866,304.5824
USD,8/29/2024,295.9008,305.1266
USD,8/28/2024,295.8172,305.0549
USD,8/27/2024,296.368,305.6146
USD,8/26/2024,295.3731,304.6485
USD,8/23/2024,296.5514,305.8076
USD,8/22/2024,295.7249,305.0419
USD,8/21/2024,295.2072,304.4523
USD,8/20/2024,294.3604,303.5775
USD,8/16/2024,294.316,303.5267
USD,8/15/2024,294.5113,303.7761
USD,8/14/2024,294.5495,303.82
USD,8/13/2024,295.0812,304.2751
USD,8/12/2024,295.4154,304.6641
USD,8/9/2024,296.286,305.4598
USD,8/8/2024,297.0104,306.2824
USD,8/7/2024,297.5065,306.7677
USD,8/6/2024,297.6981,306.9872
USD,8/5/2024,297.339,306.6515
USD,8/2/2024,297.643,306.9317
USD,8/1/2024,297.7928,307.0819
USD,7/31/2024,297.8582,307.1744
USD,7/30/2024,298.0989,307.3942
USD,7/29/2024,298.485,307.7765
USD,7/26/2024,298.7131,307.9537
USD,7/25/2024,298.9498,308.2486
USD,7/24/2024,299.0799,308.3906
USD,7/23/2024,299.2958,308.5447
USD,7/22/2024,298.8995,308.1989
USD,7/19/2024,299.235,308.5317
USD,7/18/2024,299.2042,308.5274
USD,7/17/2024,299.1543,308.463
USD,7/16/2024,297.7381,307.0529
USD,7/15/2024,297.1963,306.4074
USD,7/12/2024,298.2749,307.4603
USD,7/11/2024,299.0467,308.3411
USD,7/10/2024,299.2616,308.5052
USD,7/9/2024,299.791,309.1277
USD,7/8/2024,300.0255,309.2202
USD,7/5/2024,300.0612,309.3025
USD,7/4/2024,299.6873,308.9221
USD,7/3/2024,298.7262,308.1754
USD,7/2/2024,300.3979,309.6342
USD,7/1/2024,301.3772,310.6444
USD,6/28/2024,301.0183,310.3533
USD,6/27/2024,300.6997,309.8352
USD,6/26/2024,300.526,309.7877
USD,6/25/2024,300.5423,309.8056
USD,6/24/2024,300.5658,309.8847
USD,6/20/2024,300.6388,310.0538
USD,6/19/2024,300.2063,309.6304
USD,6/18/2024,299.3132,308.6531
USD,6/14/2024,299.0423,308.5156
USD,6/13/2024,299.0081,308.4819
USD,6/12/2024,298.7951,308.2634
USD,6/11/2024,298.4565,308.0019
USD,6/10/2024,297.9364,307.5273
USD,6/7/2024,297.8373,307.4417
USD,6/6/2024,297.5664,307.0499
USD,6/5/2024,297.293,306.8807
USD,6/4/2024,297.1489,306.8239
USD,6/3/2024,297.0726,306.67
USD,5/31/2024,296.9774,306.5863
USD,5/30/2024,296.8721,306.4863
USD,5/29/2024,296.83,306.4442
USD,5/28/2024,295.8074,305.4195
USD,5/27/2024,295.3789,304.9953
USD,5/22/2024,294.8231,304.4801
USD,5/21/2024,294.7827,304.3151
USD,5/20/2024,294.9261,304.5972
USD,5/17/2024,295.8026,305.1511
USD,5/16/2024,297.3178,307.0361
USD,5/15/2024,296.7431,306.428
USD,5/14/2024,295.6765,305.2385
USD,5/13/2024,294.1501,303.7846
USD,5/10/2024,293.7297,303.384
USD,5/9/2024,293.8242,303.3789
USD,5/8/2024,294.3822,303.9272
USD,5/7/2024,293.8542,303.0127
USD,5/6/2024,292.0793,302.304
USD,5/3/2024,292.129,301.9031
USD,5/2/2024,292.6868,302.3542
USD,4/30/2024,293.4489,302.76
USD,4/29/2024,291.5224,300.9597
USD,4/26/2024,291.877,301.2928
USD,4/25/2024,292.7078,302.5848
USD,4/24/2024,295.4376,305.393
USD,4/22/2024,297.0024,306.4586
USD,4/19/2024,296.8792,306.5961
USD,4/18/2024,296.903,306.4145
USD,4/17/2024,295.28,305.1931
USD,4/16/2024,294.2057,303.5476
USD,4/15/2024,293.7979,303.2586
USD,4/10/2024,293.6852,303.3335
USD,4/9/2024,294.0863,303.4415
USD,4/8/2024,294.3442,303.8976
USD,4/5/2024,294.9271,304.2846
USD,4/4/2024,295.0963,304.5631
USD,4/3/2024,295.2486,304.6043
USD,4/2/2024,295.2015,304.9073
USD,4/1/2024,295.575,305.1018
USD,3/28/2024,295.5429,305.3339
USD,3/27/2024,296.7631,306.3453
USD,3/26/2024,297.6319,307.3326
USD,3/25/2024,298.4579,307.9921
USD,3/22/2024,298.9909,308.6902
USD,3/21/2024,299.0465,308.8069
USD,3/20/2024,299.1361,308.7249
USD,3/19/2024,299.294,308.9065
USD,3/18/2024,300.0562,309.6749
USD,3/15/2024,300.6026,310.2053
USD,3/14/2024,301.013,310.6428
USD,3/13/2024,301.7622,311.0041
USD,3/12/2024,302.0716,311.45
USD,3/11/2024,302.6227,311.9825
USD,3/7/2024,303.0947,312.4368
USD,3/6/2024,302.9735,312.6086
USD,3/5/2024,303.0472,312.6876
USD,3/4/2024,303.8123,313.4131
USD,3/1/2024,304.7116,314.2362
USD,2/29/2024,305.1682,314.8771
USD,2/28/2024,305.5624,315.2986
USD,2/27/2024,306.0623,315.7299
USD,2/26/2024,306.0865,315.8517
USD,2/22/2024,306.5399,316.0679
USD,2/21/2024,307.1414,316.8174
USD,2/20/2024,307.3445,317.1692
USD,2/19/2024,307.4708,317.2903
USD,2/16/2024,307.7043,317.762
USD,2/15/2024,308.2195,318.0679
USD,2/14/2024,308.2669,318.1678
USD,2/13/2024,308.5844,318.4655
USD,2/12/2024,308.199,317.8272
USD,2/9/2024,308.3194,318.2311
USD,2/8/2024,308.4949,318.5839
USD,2/7/2024,308.5698,318.6869
USD,2/6/2024,307.7464,317.6567
USD,2/5/2024,307.7088,317.2528
USD,2/2/2024,307.1762,316.9979
USD,2/1/2024,310.5415,320.4082
USD,1/31/2024,312.0964,321.8542
USD,1/30/2024,312.818,322.7398
USD,1/29/2024,312.6759,322.7716
USD,1/26/2024,313.1731,323.1775
USD,1/24/2024,314.9824,324.7787
USD,1/23/2024,315.0324,324.8287
USD,1/22/2024,315.5076,325.3792
USD,1/19/2024,315.9284,326.06
USD,1/18/2024,316.0759,325.6904
USD,1/17/2024,316.7872,326.4384
USD,1/16/2024,317.3574,327.189
USD,1/12/2024,317.7976,327.3582
USD,1/11/2024,318.0763,327.6431
USD,1/10/2024,317.8334,327.5427
USD,1/9/2024,317.7816,327.4005
USD,1/8/2024,317.7764,327.4478
USD,1/5/2024,317.7632,327.461
USD,1/4/2024,317.76,327.3976
USD,1/3/2024,316.9955,326.6933
USD,1/2/2024,316.9283,326.8587
USD,1/1/2024,319.2318,328.7784
USD,12/29/2023,319.1762,328.7784
USD,12/28/2023,319.1454,328.8731
USD,12/27/2023,320.5347,330.3827
USD,12/22/2023,321.4635,331.3071
USD,12/21/2023,321.9202,331.4997
USD,12/20/2023,321.894,331.7038
USD,12/19/2023,321.9259,331.6405
USD,12/18/2023,321.9469,331.6089
USD,12/15/2023,321.694,331.5038
USD,12/14/2023,322.2364,331.4772
USD,12/13/2023,321.7707,331.6167
USD,12/12/2023,322.2493,332.328
USD,12/11/2023,322.185,332.3764
USD,12/8/2023,321.8364,331.6615
USD,12/7/2023,321.8784,331.7826
USD,12/6/2023,322.6889,333.0711
USD,12/5/2023,323.0041,333.2059
USD,12/4/2023,322.8933,333.3213
USD,12/1/2023,322.9017,333.2383
USD,11/30/2023,323.4672,333.4564
USD,11/29/2023,324.1526,334.2295
USD,11/28/2023,324.1133,334.1117
USD,11/27/2023,323.6397,333.7056
USD,11/24/2023,323.5585,333.7448
USD,11/23/2023,323.5119,333.7081
USD,11/22/2023,323.4758,333.6609
USD,11/21/2023,323.0561,333.1445
USD,11/20/2023,322.7982,333.2023
USD,11/17/2023,322.8376,333.2524
USD,11/16/2023,323.3533,333.6636
USD,11/15/2023,322.583,332.9839
USD,11/14/2023,321.714,332.366
USD,11/13/2023,322.1205,332.478
USD,11/10/2023,322.4014,332.776
USD,11/9/2023,323.1579,333.6374
USD,11/8/2023,322.5072,332.7923
USD,11/7/2023,321.5916,331.9647
USD,11/6/2023,323.9491,334.4083
USD,11/3/2023,323.6552,334.138
USD,11/2/2023,322.4404,333.4354
USD,11/1/2023,322.3488,332.6334
USD,10/31/2023,322.1725,332.5096
USD,10/30/2023,321.706,332.4987
USD,10/27/2023,321.5495,332.0178
USD,10/26/2023,321.3904,331.9361
USD,10/25/2023,321.7067,332.565
USD,10/24/2023,320.8134,331.3956
USD,10/23/2023,320.3297,331.005
USD,10/20/2023,319.6489,330.4162
USD,10/19/2023,319.2969,329.8115
USD,10/18/2023,318.9233,329.543
USD,10/17/2023,318.279,329.4189
USD,10/16/2023,318.1713,328.8534
USD,10/13/2023,318.0872,328.8218
USD,10/12/2023,318.0688,328.8289
USD,10/11/2023,318.0267,328.7869
USD,10/10/2023,317.9102,328.7491
USD,10/9/2023,318.305,328.935
USD,10/6/2023,318.2819,328.9108
USD,10/5/2023,318.2266,328.9081
USD,10/4/2023,318.1004,328.9126
USD,10/3/2023,318.3187,329.0008
USD,10/2/2023,318.2787,329.0139
USD,9/27/2023,318.2642,328.9001
USD,9/26/2023,318.7387,329.8014
USD,9/25/2023,318.7387,329.7702
USD,9/22/2023,318.5188,329.5513
USD,9/21/2023,318.9021,329.9016
USD,9/20/2023,318.6982,329.9359
USD,9/19/2023,318.263,329.6034
USD,9/18/2023,317.6039,328.8363
USD,9/15/2023,317.5436,328.8809
USD,9/14/2023,318.0857,329.5704
USD,9/13/2023,316.7737,328.5308
USD,9/12/2023,316.5407,327.9261
USD,9/11/2023,316.2925,327.6048
USD,9/8/2023,316.3124,327.9947
USD,9/7/2023,316.2754,328.0638
USD,9/6/2023,315.934,327.5101
USD,9/5/2023,314.8702,326.653
USD,9/4/2023,313.9388,326.2837
USD,9/1/2023,314.1999,325.8676
USD,8/31/2023,315.3357,326.9396
USD,8/29/2023,317.8342,329.5445
USD,8/28/2023,317.9628,329.5226
USD,8/25/2023,317.8017,329.6392
USD,8/24/2023,317.4823,329.8198
USD,8/23/2023,317.4681,329.8616
USD,8/22/2023,316.9953,329.7506
USD,8/21/2023,316.7286,329.597
USD,8/18/2023,316.2866,329.4982
USD,8/17/2023,314.7805,327.8749
USD,8/16/2023,314.4528,327.8235
USD,8/15/2023,314.7214,328.0221
USD,8/14/2023,313.9936,326.8853
USD,8/11/2023,313.7834,326.9576
USD,8/10/2023,313.6129,326.7861
USD,8/9/2023,314.947,327.522
USD,8/8/2023,315.1109,328.6038
USD,8/7/2023,315.0574,328.5784
USD,8/4/2023,312.5592,326.658
USD,8/3/2023,308.6091,322.2084
USD,8/2/2023,309.7055,322.6856
USD,7/31/2023,322.9613,335.4036
USD,7/28/2023,322.6693,335.6506
USD,7/27/2023,322.8497,335.8919
USD,7/26/2023,323.6966,337.1774
USD,7/25/2023,323.0392,336.1624
USD,7/24/2023,321.1045,334.5576
USD,7/21/2023,318.7256,331.9854
USD,7/20/2023,316.3078,330.2942
USD,7/19/2023,315.2616,328.9299
USD,7/18/2023,314.9592,328.6534
USD,7/17/2023,313.2921,327.1641
USD,7/14/2023,310.4938,324.6783
USD,7/13/2023,308.1626,321.8765
USD,7/12/2023,306.1518,320.6817
USD,7/11/2023,305.1317,319.3229
USD,7/10/2023,304.0216,318.2388
USD,7/7/2023,302.6459,317.0914
USD,7/6/2023,300.0054,315.1016
USD,7/5/2023,298.898,313.668
USD,7/4/2023,299.8709,314.9879
USD,6/28/2023,301.159,316.6728
USD,6/27/2023,301.3255,316.7243
USD,6/26/2023,299.8333,314.9261
USD,6/23/2023,299.0378,314.365
USD,6/22/2023,298.5485,314.963
USD,6/21/2023,298.4708,314.4947
USD,6/20/2023,297.2877,314.3802
USD,6/19/2023,297.5388,315.1281
USD,6/16/2023,300.5194,319.66
USD,6/15/2023,311.6057,328.9272
USD,6/14/2023,303.1925,318.9974
USD,6/13/2023,294.9114,309.2237
USD,6/12/2023,290.0692,303.7392
USD,6/9/2023,288.0867,301.1291
USD,6/8/2023,285.69,298.9191
USD,6/7/2023,285.5677,298.4378
USD,6/6/2023,284.8487,297.9434
USD,6/5/2023,285.6164,298.8583
USD,6/2/2023,287.4258,300.3287
USD,6/1/2023,283.8763,297.2316
USD,5/31/2023,287.8711,300.921
USD,5/30/2023,290.6745,303.9548
USD,5/29/2023,289.8986,303.264
USD,5/26/2023,295.6297,308.5472
USD,5/25/2023,297.6055,310.9562
USD,5/24/2023,297.9878,311.2316
USD,5/23/2023,299.1941,312.3359
USD,5/22/2023,299.7149,313.8244
USD,5/19/2023,300.6519,314.0848
USD,5/18/2023,299.2144,312.3715
USD,5/17/2023,302.4257,316.188
USD,5/16/2023,305.4335,318.7965
USD,5/15/2023,306.1892,319.9619
USD,5/12/2023,306.3886,320.0375
USD,5/11/2023,308.6645,322.7018
USD,5/10/2023,310.9048,324.8084
USD,5/9/2023,311.0091,325.9516
USD,5/8/2023,312.1955,326.3198
USD,5/4/2023,312.5034,326.6292
USD,5/3/2023,313.0513,327.9562
USD,5/2/2023,313.7362,328.4158
USD,4/28/2023,313.9239,328.7514
USD,4/27/2023,313.8324,328.7701
USD,4/26/2023,313.4509,328.6723
USD,4/25/2023,313.2667,328.5407
USD,4/24/2023,313.3347,328.4847
USD,4/21/2023,313.0593,328.5152
USD,4/20/2023,313.1292,327.8921
USD,4/19/2023,312.9164,327.7272
USD,4/18/2023,312.4139,327.4612
USD,4/17/2023,312.0717,327.0215
USD,4/12/2023,311.5607,327.1787
USD,4/11/2023,311.4414,327.6693
USD,4/10/2023,311.6379,327.7229
USD,4/6/2023,313.2952,330.5619
USD,4/4/2023,313.3744,330.5038
USD,4/3/2023,316.7511,334.2094
USD,3/31/2023,318.277,336.0123
USD,3/30/2023,317.7257,335.411
USD,3/29/2023,315.7075,333.4925
USD,3/28/2023,315.8454,332.8711
USD,3/27/2023,314.825,332.5841
USD,3/24/2023,314.7491,331.3791
USD,3/23/2023,311.2617,328.6083
USD,3/22/2023,312.6153,330.1625
USD,3/21/2023,316.8483,334.9328
USD,3/20/2023,331.7174,349.8726
USD,3/17/2023,332.2035,350.2275
USD,3/16/2023,329.0282,346.3312
USD,3/15/2023,327.5998,344.6634
USD,3/14/2023,319.8479,335.6887
USD,3/13/2023,311.8237,328.8699
USD,3/10/2023,311.6269,328.9042
USD,3/9/2023,307.3635,325.5218
USD,3/8/2023,313.7749,331.0583
USD,3/7/2023,318.3051,335.7502
USD,3/3/2023,334.5016,348.0322
USD,3/2/2023,343.9719,356.7393
USD,3/1/2023,351.7219,362.9543
USD,2/28/2023,357.6822,366.9212
USD,2/27/2023,358.3621,367.9284
USD,2/24/2023,358.7244,368.7702
USD,2/23/2023,359.0062,368.5292
USD,2/22/2023,359.3576,368.6063
USD,2/21/2023,359.9702,369.3116
USD,2/20/2023,359.4464,369.5636
USD,2/17/2023,359.4766,369.6666
USD,2/16/2023,359.5764,369.8164
USD,2/15/2023,359.6092,369.8892
USD,2/14/2023,359.6455,369.9523
USD,2/13/2023,359.4698,369.9592
USD,2/10/2023,359.0735,370.2484
USD,2/9/2023,359.4009,370.2786
USD,2/8/2023,359.4792,370.3547
USD,2/7/2023,360.0937,370.2611
USD,2/6/2023,359.9968,370.1832
USD,2/3/2023,360.2903,370.3529
USD,2/2/2023,360.4101,371.0331
USD,2/1/2023,360.4935,371.3942
USD,1/31/2023,360.4879,371.3887
USD,1/30/2023,360.4501,371.3035
USD,1/27/2023,360.4879,371.3887
USD,1/26/2023,360.4879,371.3887
USD,1/25/2023,360.4912,371.3909
USD,1/24/2023,360.4912,371.3909
USD,1/23/2023,360.5496,371.3845
USD,1/20/2023,360.5513,371.3915
USD,1/19/2023,360.5572,371.3916
USD,1/18/2023,360.4102,371.4781
USD,1/17/2023,360.4102,371.4781
USD,1/13/2023,360.3991,371.4665
USD,1/12/2023,360.3935,371.4609
USD,1/11/2023,360.4722,371.3646
USD,1/10/2023,360.0599,371.3989
USD,1/9/2023,359.9474,371.5491
USD,1/5/2023,359.9741,371.5724
USD,1/4/2023,359.9741,371.5724
USD,1/3/2023,360.2221,371.5921
USD,1/2/2023,360.4081,371.6068
USD,12/30/2022,360.4081,371.6068
USD,12/29/2022,360.4206,371.6168
USD,12/28/2022,360.4206,371.6168
USD,12/27/2022,360.3893,371.5893
USD,12/23/2022,360.8986,371.7819
USD,12/22/2022,361.0871,371.6613
USD,12/21/2022,361.0847,371.7127
USD,12/20/2022,361.0847,371.6601
USD,12/19/2022,361.1973,371.7191
USD,12/16/2022,361.1973,371.7191
USD,12/15/2022,361.1973,371.7191
USD,12/14/2022,361.1973,371.7191
USD,12/13/2022,361.1973,371.7191
USD,12/12/2022,361.1973,371.7191
USD,12/9/2022,361.3026,371.7191
USD,12/8/2022,361.3026,371.7191
USD,12/6/2022,361.3026,371.7191
USD,12/5/2022,361.3026,371.7191
USD,12/2/2022,361.2537,371.7222
USD,12/1/2022,361.2537,371.7275
USD,11/30/2022,361.2484,371.7222
USD,11/29/2022,361.2379,371.717
USD,11/28/2022,360.2922,371.2929
USD,11/25/2022,360.2922,371.2929
USD,11/24/2022,360.9919,371.8325
USD,11/23/2022,360.9919,371.8325
USD,11/22/2022,360.9919,371.8325
USD,11/21/2022,360.9919,371.8325
USD,11/18/2022,360.9919,371.8325
USD,11/17/2022,360.9919,371.8325
USD,11/16/2022,360.984,371.7757
USD,11/15/2022,360.9682,371.7599
USD,11/14/2022,360.9682,371.7599
USD,11/11/2022,360.9682,371.7599
USD,11/10/2022,360.9682,371.7599
USD,11/9/2022,360.9682,371.7599
USD,11/8/2022,360.8893,371.6809
USD,11/4/2022,360.8893,371.6809
USD,11/3/2022,360.7631,371.565
USD,11/2/2022,360.7104,371.5123
USD,11/1/2022,360.6578,371.4597
USD,10/31/2022,360.6537,371.2103
USD,10/28/2022,360.6345,371.2296
USD,10/27/2022,360.6537,371.2103
USD,10/26/2022,360.6537,371.2103
USD,10/25/2022,360.7106,371.2612
USD,10/21/2022,360.7312,371.2425
USD,10/20/2022,360.5935,371.1179
USD,10/19/2022,360.4507,370.975
USD,10/18/2022,360.4084,370.9316
USD,10/17/2022,360.3548,370.8637
USD,10/14/2022,359.8172,370.7183
USD,10/13/2022,359.6987,370.4261
USD,10/12/2022,359.6618,370.3945
USD,10/11/2022,359.2355,369.9682
USD,10/7/2022,359.1671,369.9156
USD,10/6/2022,359.1618,369.8629
USD,10/5/2022,359.1618,369.9103
USD,10/4/2022,359.1618,369.9103
USD,10/3/2022,359.1618,369.9103
USD,9/30/2022,359.1618,369.9103
USD,9/29/2022,359.1618,369.9103
USD,9/28/2022,359.1876,369.9371
USD,9/27/2022,359.1876,369.9371
USD,9/26/2022,359.1876,369.9371
USD,9/23/2022,359.1876,369.9235
USD,9/22/2022,359.1876,369.9235
USD,9/21/2022,359.1797,369.9424
USD,9/20/2022,359.1381,369.9003
USD,9/19/2022,359.175,369.9371
USD,9/16/2022,358.9434,369.9135
USD,9/15/2022,358.9306,369.7126
USD,9/14/2022,358.9306,369.7126
USD,9/13/2022,358.788,369.6183
USD,9/12/2022,358.7807,369.6151
USD,9/9/2022,358.5388,369.5017
USD,9/8/2022,358.4178,369.3806
USD,9/7/2022,358.33,369.3395
USD,9/6/2022,358.0556,369.028
USD,9/5/2022,358.0556,369.028
USD,9/2/2022,357.8334,369.0956
USD,9/1/2022,357.5138,368.8612
USD,8/31/2022,357.5571,368.9007
USD,8/30/2022,357.9322,368.899
USD,8/29/2022,357.8093,368.783
USD,8/26/2022,357.8045,369.0166
USD,8/25/2022,357.4017,368.7116
USD,8/24/2022,357.4017,368.7116
USD,8/23/2022,357.4017,368.7116
USD,8/22/2022,357.3779,368.6905
USD,8/19/2022,357.41,368.72
USD,8/18/2022,357.3367,368.7038
USD,8/17/2022,357.3151,368.6827
USD,8/16/2022,357.3756,368.6872
USD,8/15/2022,357.2923,368.6066
USD,8/12/2022,357.2491,368.567
USD,8/10/2022,357.3007,368.6127
USD,8/9/2022,357.2995,368.6127
USD,8/8/2022,357.1491,368.4698
USD,8/5/2022,357.1997,368.5198
USD,8/4/2022,357.2279,368.5416
USD,8/3/2022,357.2223,368.4999
USD,8/2/2022,357.3077,368.5388
USD,8/1/2022,357.2753,368.5064
USD,7/29/2022,357.1697,368.4121
USD,7/28/2022,357.4406,368.4922
USD,7/27/2022,357.4406,368.4922
USD,7/26/2022,357.5189,368.5144
USD,7/25/2022,357.4611,368.5067
USD,7/22/2022,357.9442,368.6321
USD,7/21/2022,358.3145,368.9187
USD,7/20/2022,358.5352,368.9001
USD,7/19/2022,357.8593,368.4926
USD,7/18/2022,357.6061,368.3433
USD,7/15/2022,357.9486,368.5245
USD,7/14/2022,358.1456,368.7594
USD,7/12/2022,356.9558,368.3011
USD,7/11/2022,357.7933,368.3974
USD,7/8/2022,356.8217,367.6651
USD,7/7/2022,356.8065,368.0616
USD,7/6/2022,356.0489,367.3317
USD,7/5/2022,355.9533,367.2998
USD,7/4/2022,356.5951,367.3155
USD,7/1/2022,356.4236,367.2423
USD,6/30/2022,355.7601,367.1246
USD,6/29/2022,355.8173,367.0703
USD,6/28/2022,356.0634,367.2255
USD,6/27/2022,356.2373,367.4039
USD,6/24/2022,356.1255,367.1686
USD,6/23/2022,356.6729,367.3982
USD,6/22/2022,356.4424,367.1121
USD,6/21/2022,357.2826,367.7352
USD,6/20/2022,356.2897,366.838
USD,6/17/2022,355.5141,366.3277
USD,6/16/2022,355.6785,366.4915
USD,6/15/2022,355.7074,366.5065
USD,6/13/2022,355.7263,366.5254
USD,6/10/2022,355.6074,366.5287
USD,6/9/2022,355.8183,366.7956
USD,6/8/2022,355.6855,366.5762
USD,6/7/2022,356.0968,366.2398
USD,6/6/2022,355.2941,365.266
USD,6/3/2022,355.314,365.2861
USD,6/2/2022,355.6119,365.5882
USD,6/1/2022,355.1253,365.0948
USD,5/31/2022,355.7708,365.7493
USD,5/30/2022,355.7708,365.7493
USD,5/27/2022,354.2712,364.2289
USD,5/26/2022,354.728,364.692
USD,5/25/2022,354.4003,364.3597
USD,5/24/2022,354.4003,364.3597
USD,5/23/2022,354.4599,364.4202
USD,5/20/2022,354.4897,364.4504
USD,5/19/2022,354.5691,364.5309
USD,5/18/2022,354.6684,364.6316
USD,5/17/2022,354.7678,364.7323
USD,5/13/2022,355.016,364.984
USD,5/12/2022,364.227,377.4967
USD,5/11/2022,361.727,374.9967
USD,5/9/2022,361.727,374.9967
USD,5/6/2022,361.727,374.9967
USD,5/5/2022,356.8395,369.9991
USD,5/4/2022,350.0597,362.9987
USD,4/29/2022,347.0597,359.9987
USD,4/28/2022,342.1673,354.996
USD,4/27/2022,337.8229,350.4972
USD,4/26/2022,333.8875,346.4956
USD,4/25/2022,330,342.4979
USD,4/22/2022,327.5,339.9979
USD,4/21/2022,327.5,339.9979
USD,4/20/2022,327.5,339.9979
USD,4/19/2022,327.5,339.9979
USD,4/18/2022,322.7201,334.9975
USD,4/12/2022,319.205,329.9975
USD,4/11/2022,316.795,327.4999
USD,4/8/2022,310.8802,321.4971
USD,4/7/2022,309.3802,319.9971
USD,4/6/2022,298.1064,308.4951
USD,4/5/2022,293.2305,303.4964
USD,4/4/2022,289.7255,299.9914
USD,4/1/2022,289.2425,299.4908
USD,3/31/2022,288.7475,298.9958
USD,3/30/2022,288.7475,298.9958
USD,3/29/2022,288.7475,298.9958
USD,3/28/2022,288.7475,298.9958
USD,3/25/2022,284.8205,294.9987
USD,3/24/2022,279.9056,289.996
USD,3/23/2022,274.9957,284.9983
USD,3/22/2022,272.0686,282.4956
USD,3/21/2022,264.6677,274.9979
USD,3/18/2022,264.6677,274.9979
USD,3/16/2022,264.6677,274.9979
USD,3/15/2022,259.762,269.9952
USD,3/14/2022,249.9603,259.9999
USD,3/11/2022,249.9603,259.9999
USD,3/10/2022,249.9603,259.9999
USD,3/9/2022,225.2013,229.9987
USD,3/8/2022,225.2013,229.9987
USD,3/7/2022,198.5008,202.9992
USD,3/4/2022,198.5008,202.9992
USD,3/3/2022,198.5008,202.9992
USD,3/2/2022,198.5008,202.9992
USD,2/28/2022,198.5008,202.9992
USD,2/25/2022,198.5008,202.9992
USD,2/24/2022,198.5008,202.9992
USD,2/23/2022,198.5008,202.9992
USD,2/22/2022,198.5008,202.9992
USD,2/21/2022,198.5008,202.9992
USD,2/18/2022,198.5008,202.9992
USD,2/17/2022,198.5008,202.9992
USD,2/15/2022,198.5008,202.9992
USD,2/14/2022,198.5008,202.9992
USD,2/11/2022,198.5008,202.9992
USD,2/10/2022,198.5008,202.9992
USD,2/9/2022,198.5008,202.9992
USD,2/8/2022,198.5008,202.9992
USD,2/7/2022,198.5008,202.9992
USD,2/3/2022,198.5008,202.9992
USD,2/2/2022,198.5008,202.9992
USD,2/1/2022,198.5008,202.9992
USD,1/31/2022,198.5008,202.9992
USD,1/28/2022,198.5008,202.9992
USD,1/27/2022,198.5008,202.9992
USD,1/26/2022,198.5008,202.9992
USD,1/25/2022,198.5008,202.9992
USD,1/24/2022,198.5008,202.9992
USD,1/21/2022,198.5008,202.9992
USD,1/20/2022,198.5008,202.9992
USD,1/19/2022,198.5008,202.9992
USD,1/18/2022,198.5008,202.9992
USD,1/13/2022,198.5008,202.9992
USD,1/12/2022,198.5008,202.9992
USD,1/11/2022,198.5008,202.9992
USD,1/10/2022,198.5008,202.9992
USD,1/7/2022,198.5008,202.9992
USD,1/6/2022,198.5008,202.9992
USD,1/5/2022,198.5008,202.9992
USD,1/4/2022,198.5008,202.9992
USD,1/3/2022,198.5008,202.9992
USD,12/31/2021,198.5008,202.9992
USD,12/30/2021,198.5008,202.9992
USD,12/29/2021,198.5008,202.9992
USD,12/28/2021,198.5008,202.9992
USD,12/27/2021,198.5008,202.9992
USD,12/24/2021,198.5008,202.9992
USD,12/23/2021,198.5008,202.9992
USD,12/22/2021,198.5008,202.9992
USD,12/21/2021,198.5008,202.9992
USD,12/20/2021,198.5008,202.9992
USD,12/17/2021,198.5008,202.9992
USD,12/16/2021,198.5008,202.9992
USD,12/15/2021,198.5008,202.9992
USD,12/14/2021,198.5008,202.9992
USD,12/13/2021,198.5008,202.9992
USD,12/10/2021,198.5008,202.9992
USD,12/9/2021,198.5008,202.9992
USD,12/8/2021,198.5008,202.9992
USD,12/7/2021,198.5008,202.9992
USD,12/6/2021,198.5008,202.9992
USD,12/3/2021,198.5008,202.9992
USD,12/2/2021,198.5008,202.9992
USD,12/1/2021,198.5008,202.9992
USD,11/30/2021,198.5008,202.9992
USD,11/29/2021,198.5008,202.9992
USD,11/26/2021,198.5008,202.9992
USD,11/25/2021,198.5008,202.9992
USD,11/24/2021,198.5008,202.9992
USD,11/23/2021,198.5008,202.9992
USD,11/22/2021,198.5008,202.9992
USD,11/19/2021,198.5008,202.9992
USD,11/17/2021,198.5008,202.9992
USD,11/16/2021,198.5008,202.9992
USD,11/15/2021,198.5008,202.9992
USD,11/12/2021,198.5008,202.9992
USD,11/11/2021,198.5008,202.9992
USD,11/10/2021,198.5008,202.9992
USD,11/9/2021,198.5008,202.9992
USD,11/8/2021,198.5008,202.9992
USD,11/5/2021,198.5008,202.9992
USD,11/3/2021,198.5008,202.9992
USD,11/2/2021,198.5008,202.9992
USD,11/1/2021,198.5008,202.9992
USD,10/29/2021,198.5008,202.9992
USD,10/28/2021,198.5008,202.9992
USD,10/27/2021,198.5008,202.9992
USD,10/26/2021,198.5008,202.9992
USD,10/25/2021,198.5008,202.9992
USD,10/22/2021,198.5008,202.9992
USD,10/21/2021,198.5008,202.9992
USD,10/18/2021,198.5008,202.9992
USD,10/15/2021,198.5008,202.9992
USD,10/14/2021,198.5008,202.9992
USD,10/13/2021,198.5008,202.9992
USD,10/12/2021,198.5008,202.9992
USD,10/11/2021,198.5008,202.9992
USD,10/8/2021,198.5008,202.9992
USD,10/7/2021,198.5008,202.9992
USD,10/6/2021,198.5008,202.9992
USD,10/5/2021,198.5008,202.9992
USD,10/4/2021,198.5008,202.9992
USD,10/1/2021,198.5008,202.9992
USD,9/30/2021,198.5008,202.9992
USD,9/29/2021,198.5008,202.9992
USD,9/28/2021,198.5008,202.9992
USD,9/27/2021,198.5008,202.9992
USD,9/24/2021,198.5008,202.9992
USD,9/23/2021,198.5008,202.9992
USD,9/22/2021,198.5008,202.9992
USD,9/21/2021,198.5008,202.9992
USD,9/17/2021,198.5008,202.9992
USD,9/16/2021,198.5008,202.9992
USD,9/15/2021,198.5008,202.9992
USD,9/14/2021,198.5008,202.9992
USD,9/13/2021,198.5008,202.9992
USD,9/10/2021,198.5008,202.9992
USD,9/9/2021,198.5008,202.9992
USD,9/8/2021,198.5008,202.9992
USD,9/7/2021,198.5008,202.9992
USD,9/6/2021,198.5,203
USD,9/3/2021,198.5008,202.9992
USD,9/2/2021,198.5008,202.9992
USD,9/1/2021,198.8649,203.8701
USD,8/31/2021,198.9023,204.8977
USD,8/30/2021,197.9023,202.8977
USD,8/27/2021,198.1023,202.8977
USD,8/26/2021,197.9023,202.8977
USD,8/25/2021,197.9023,202.8977
USD,8/24/2021,197.9023,202.8977
USD,8/23/2021,197.9023,202.8977
USD,8/20/2021,198.1983,202.8977
USD,8/19/2021,197.8983,202.8977
USD,8/18/2021,198.3983,202.8977
USD,8/17/2021,198.1983,202.8977
USD,8/16/2021,198.3983,202.8977
USD,8/13/2021,198.5983,202.8977
USD,8/12/2021,197.6023,202.8977
USD,8/11/2021,198.2983,202.8977
USD,8/10/2021,198.1983,202.8977
USD,8/9/2021,197.8023,202.8977
USD,8/6/2021,198.3183,202.8977
USD,8/5/2021,198.3183,202.8977
USD,8/4/2021,198.0983,202.8977
USD,8/3/2021,198.0983,202.8977
USD,8/2/2021,197.2063,202.8977
USD,7/30/2021,198.3983,202.8977
USD,7/29/2021,197.6023,202.8977
USD,7/28/2021,197.9023,202.8977
USD,7/27/2021,197.8023,202.8977
USD,7/26/2021,197.9023,202.8977
USD,7/22/2021,197.9223,202.8977
USD,7/20/2021,197.9023,202.8977
USD,7/19/2021,197.9023,202.8977
USD,7/16/2021,198.1223,202.8977
USD,7/15/2021,198.1183,202.8977
USD,7/14/2021,197.9023,202.8977
USD,7/13/2021,198.3183,202.8977
USD,7/12/2021,198.2183,202.8977
USD,7/9/2021,197.9023,202.8977
USD,7/8/2021,197.9023,202.8977
USD,7/7/2021,198.1183,202.8977
USD,7/6/2021,197.8023,202.8977
USD,7/5/2021,197.5023,202.8977
USD,7/2/2021,198.2183,202.8977
USD,7/1/2021,197.4023,202.8977
USD,6/30/2021,197.3263,202.8977
USD,6/29/2021,197.3063,202.8977
USD,6/28/2021,197.3063,202.8977
USD,6/25/2021,197.5223,202.8977
USD,6/23/2021,197.9223,202.8977
USD,6/22/2021,198.0303,202.8896
USD,6/21/2021,197.9103,202.8896
USD,6/18/2021,198.0303,202.8896
USD,6/17/2021,198.0303,202.8896
USD,6/16/2021,197.9303,202.8896
USD,6/15/2021,197.9303,202.8896
USD,6/14/2021,198.1103,202.8896
USD,6/11/2021,198.1303,202.8896
USD,6/10/2021,197.9103,202.8896
USD,6/9/2021,197.9103,202.8896
USD,6/8/2021,197.9283,202.8877
USD,6/7/2021,197.8103,202.8896
USD,6/4/2021,198.1303,202.8896
USD,6/3/2021,197.8103,202.8896
USD,6/2/2021,197.9103,202.8896
USD,6/1/2021,198.0283,202.8877
USD,5/31/2021,197.9103,202.8896
USD,5/28/2021,197.9103,202.8896
USD,5/25/2021,198.0303,202.8896
USD,5/24/2021,197.9103,202.8896
USD,5/21/2021,198.2989,202.8796
USD,5/20/2021,198.1789,202.8796
USD,5/19/2021,198.2989,202.8796
USD,5/18/2021,198.2691,202.8494
USD,5/17/2021,197.5023,202.8977
USD,5/13/2021,197.3841,202.282
USD,5/12/2021,197.818,201.948
USD,5/11/2021,197.598,201.948
USD,5/10/2021,197.598,201.948
USD,5/7/2021,197.5503,201.8988
USD,5/6/2021,196.7723,201.8788
USD,5/5/2021,195.0848,199.941
USD,5/4/2021,195.18,199.93
USD,5/3/2021,195.73,199.89
USD,4/30/2021,195.91,199.87
USD,4/29/2021,196.11,199.87
USD,4/28/2021,194.86,199.52
USD,4/27/2021,194.3865,199.4185
USD,4/23/2021,192.5105,198.4895
USD,4/22/2021,193.4075,199.3925
USD,4/21/2021,195.1,200.9
USD,4/20/2021,190.2905,195.2145
USD,4/19/2021,187.93,191.97
USD,4/16/2021,195.72,201.28
USD,4/15/2021,199.808,204.628
USD,4/12/2021,199.15,203.73
USD,4/9/2021,199.04,203.59
USD,4/8/2021,199.21,203.5
USD,4/7/2021,198.56,202.88
USD,4/6/2021,198,202.7
USD,4/5/2021,197.25,201.95
USD,4/1/2021,197,202.1
USD,3/31/2021,197.62,202.04
USD,3/30/2021,196.83,201.93
USD,3/29/2021,197.28,201.77
USD,3/26/2021,196.72,201.6
USD,3/25/2021,196.41,201.01
USD,3/24/2021,196.9248,201.1935
USD,3/23/2021,196.3948,200.8635
USD,3/22/2021,195.3773,200.0401
USD,3/19/2021,195.28,200.19
USD,3/18/2021,195.3045,201.5005
USD,3/17/2021,197.58,201.75
USD,3/16/2021,195.28,200.06
USD,3/15/2021,194.428,198.964
USD,3/12/2021,194.444,198.874
USD,3/10/2021,194.374,198.662
USD,3/9/2021,194.354,198.682
USD,3/8/2021,194.046,198.576
USD,3/5/2021,194.01,198.34
USD,3/4/2021,193.94,198.27
USD,3/3/2021,193.99,198.32
USD,3/2/2021,192.49,197.32
USD,3/1/2021,192.01,197.05
USD,2/25/2021,192.88,196.62
USD,2/24/2021,192,196.4
USD,2/23/2021,191.19,195.93
USD,2/22/2021,193.13,197.53
USD,2/19/2021,193.58,198.58
USD,2/18/2021,193.3913,198.3847
USD,2/17/2021,193.6565,198.9485
USD,2/16/2021,193.2575,197.9775
USD,2/15/2021,192.79,197.03
USD,2/12/2021,191.2395,196.3655
USD,2/11/2021,193.537,198.668
USD,2/10/2021,192.23,197.45
USD,2/9/2021,192.57,196.81
USD,2/8/2021,191.967,196.5069
USD,2/5/2021,191.59,196.03
USD,2/3/2021,192.32,197.62
USD,2/2/2021,190.4,195.5
USD,2/1/2021,188.63,193.17
USD,1/29/2021,189.6615,194.4435
USD,1/27/2021,193.1921,198.2435
USD,1/26/2021,192.4,198.8
USD,1/25/2021,194.19,199.65
USD,1/22/2021,194.3125,199.1875
USD,1/21/2021,193.16,197.68
USD,1/20/2021,192.8513,198.2647
USD,1/19/2021,190.89,196.05
USD,1/18/2021,191.6475,196.0262
USD,1/15/2021,190.77,196.05
USD,1/13/2021,190.33,194.07
USD,1/12/2021,188.49,193.65
USD,1/11/2021,188.05,192.47
USD,1/8/2021,186.28,190.98
USD,1/7/2021,187.1,191.77
USD,1/6/2021,187.54,191.96
USD,1/5/2021,187.6,191.9
USD,1/4/2021,184.82,189.88
USD,1/1/2021,184.98,189.8
USD,12/31/2020,184.12,189.18
USD,12/30/2020,185.2,190.02
USD,12/28/2020,186.7,192.1
USD,12/24/2020,189.08,194.66
USD,12/23/2020,188.01,193.05
USD,12/22/2020,186.8,191.2
USD,12/21/2020,185.95,190.37
USD,12/18/2020,185.41,190.13
USD,12/17/2020,186.13,190.53
USD,12/16/2020,185.23,189.83
USD,12/15/2020,185.1,189.52
USD,12/14/2020,184.57,188.97
USD,12/11/2020,183.72,188.14
USD,12/10/2020,183.64,188.06
USD,12/9/2020,184.14,188.54
USD,12/8/2020,184.1,188.52
USD,12/7/2020,183.77,188.19
USD,12/4/2020,183.9,188.3
USD,12/3/2020,184.26,188.66
USD,12/2/2020,183.79,187.99
USD,12/1/2020,183.66,187.88
USD,11/30/2020,183.33,187.55
USD,11/27/2020,183.02,187.24
USD,11/26/2020,183.58,187.78
USD,11/25/2020,183.54,187.76
USD,11/24/2020,183.17,187.39
USD,11/23/2020,183.33,187.53
USD,11/20/2020,182.91,187.11
USD,11/19/2020,182.51,186.83
USD,11/18/2020,183,187.32
USD,11/17/2020,183.01,187.31
USD,11/16/2020,182.5,186.8
USD,11/13/2020,182.4,186.7
USD,11/12/2020,182.4,186.7
USD,11/11/2020,182.35,186.65
USD,11/10/2020,182.34,186.66
USD,11/9/2020,182.32,186.64
USD,11/6/2020,182.33,186.63
USD,11/5/2020,182.25,186.57
USD,11/4/2020,182.25,186.55
USD,11/3/2020,182.29,186.61
USD,11/2/2020,182.12,186.44
USD,10/29/2020,182.13,186.45
USD,10/28/2020,182.14,186.46
USD,10/27/2020,182.16,186.46
USD,10/26/2020,182.1,186.4
USD,10/23/2020,182.19,186.49
USD,10/22/2020,182.14,186.44
USD,10/21/2020,182.34,186.66
USD,10/20/2020,182.16,186.48
USD,10/19/2020,182.1,186.42
USD,10/16/2020,182.38,186.7
USD,10/15/2020,182.58,186.88
USD,10/14/2020,182.14,186.46
USD,10/13/2020,182.03,186.35
USD,10/12/2020,182.03,186.35
USD,10/9/2020,182.02,186.34
USD,10/8/2020,182.17,186.49
USD,10/7/2020,182.43,186.75
USD,10/6/2020,182.51,186.81
USD,10/5/2020,182.43,186.75
USD,10/2/2020,182.89,187.21
USD,9/30/2020,183,187.32
USD,9/29/2020,183.18,187.5
USD,9/28/2020,183.08,187.4
USD,9/25/2020,182.94,187.3
USD,9/24/2020,182.83,187.13
USD,9/23/2020,182.97,187.33
USD,9/22/2020,183.18,187.54
USD,9/21/2020,183.22,187.58
USD,9/18/2020,182.82,187.18
USD,9/17/2020,182.72,187.12
USD,9/16/2020,182.21,186.61
USD,9/15/2020,182.14,186.54
USD,9/14/2020,182.21,186.61
USD,9/11/2020,182.42,186.82
USD,9/10/2020,182.16,186.56
USD,9/9/2020,182.1,186.5
USD,9/8/2020,182.44,186.84
USD,9/7/2020,183,187.3
USD,9/4/2020,183.04,187.44
USD,9/3/2020,183.07,187.47
USD,9/2/2020,183.83,188.13
USD,8/31/2020,184.09,188.49
USD,8/28/2020,183.78,188.18
USD,8/27/2020,184.08,188.48
USD,8/26/2020,184.23,188.53
USD,8/25/2020,182.65,187.25
USD,8/24/2020,182.32,186.72
USD,8/21/2020,182.39,186.79
USD,8/20/2020,183.68,188.48
USD,8/19/2020,182.14,186.44
USD,8/18/2020,181.49,185.79
USD,8/17/2020,181.05,185.45
USD,8/14/2020,180.77,185.07
USD,8/13/2020,180.84,185.04
USD,8/12/2020,181.84,186.14
USD,8/11/2020,182.36,186.86
USD,8/10/2020,182.98,187.48
USD,8/7/2020,183.13,187.63
USD,8/6/2020,183.23,187.73
USD,8/5/2020,183.26,187.76
USD,8/4/2020,183.38,187.85
USD,7/31/2020,183.36,187.86
USD,7/30/2020,183.45,187.95
USD,7/29/2020,183.5,188
USD,7/28/2020,183.51,188.01
USD,7/27/2020,183.52,188.02
USD,7/24/2020,183.52,188.02
USD,7/23/2020,183.54,188.04
USD,7/22/2020,183.54,188.04
USD,7/21/2020,183.53,188.03
USD,7/20/2020,183.48,188.08
USD,7/17/2020,183.49,188.09
USD,7/16/2020,183.54,188.14
USD,7/15/2020,183.53,188.13
USD,7/14/2020,183.52,188.12
USD,7/13/2020,183.5,188.1
USD,7/10/2020,183.5,188.1
USD,7/9/2020,183.48,188.08
USD,7/8/2020,183.55,188.15
USD,7/7/2020,183.53,188.13
USD,7/6/2020,183.58,188.18
USD,7/3/2020,183.68,188.38
USD,7/2/2020,183.71,188.41
USD,7/1/2020,183.79,188.49
USD,6/30/2020,183.81,188.51
USD,6/29/2020,183.78,188.48
USD,6/26/2020,183.76,188.46
USD,6/25/2020,184.13,188.83
USD,6/24/2020,184.1,188.8
USD,6/23/2020,184.12,188.82
USD,6/22/2020,184.2,188.8
USD,6/19/2020,184.08,188.78
USD,6/18/2020,184.02,188.72
USD,6/17/2020,183.61,188.41
USD,6/16/2020,183.32,188.22
USD,6/15/2020,182.74,187.74
USD,6/12/2020,182.64,187.64
USD,6/11/2020,182.55,187.55
USD,6/10/2020,182.5,187.5
USD,6/9/2020,182.6,187.6
USD,6/8/2020,182.86,187.86
USD,6/4/2020,183.27,188.07
USD,6/3/2020,183.37,188.27
USD,6/2/2020,183.42,188.42
USD,6/1/2020,183.51,188.61
USD,5/29/2020,183.52,188.62
USD,5/28/2020,183.51,188.61
USD,5/27/2020,183.3,188.4
USD,5/26/2020,183.16,188.06
USD,5/22/2020,183.81,188.81
USD,5/21/2020,184.15,189.25
USD,5/20/2020,184.5,189.6
USD,5/19/2020,184.63,189.73
USD,5/18/2020,184.74,189.94
USD,5/15/2020,184.89,189.99
USD,5/14/2020,185.14,190.34
USD,5/13/2020,184.54,190.34
USD,5/12/2020,184.63,190.12
USD,5/11/2020,184.36,190.16
USD,5/6/2020,186.54,191.5
USD,5/5/2020,185.81,191.71
USD,5/4/2020,188.3788,194.1158
USD,4/30/2020,190.42,195.82
USD,4/29/2020,189.81,195.89
USD,4/28/2020,190.45,196.05
USD,4/27/2020,189.69,196.07
USD,4/24/2020,190.6982,197.6483
USD,4/23/2020,191.7,198.2
USD,4/22/2020,190.78,197.85
USD,4/21/2020,190.1895,197.2168
USD,4/20/2020,189.6324,196.6534
USD,4/17/2020,188.4656,195.4796
USD,4/16/2020,189.3356,195.5796
USD,4/15/2020,188.5124,195.7834
USD,4/9/2020,194.2034,200.474
USD,4/8/2020,193.9572,200.4652
USD,4/6/2020,193.3598,199.4042
USD,4/3/2020,188.5584,193.753
USD,4/2/2020,187.7084,192.803
USD,4/1/2020,187.5584,192.653
USD,3/31/2020,187.3584,192.453
USD,3/30/2020,187.4091,192.5025
USD,3/27/2020,187.103,191.9902
USD,3/24/2020,185.9354,190.6188
USD,3/20/2020,185.385,189.8775
USD,3/19/2020,184.117,188.2057
USD,3/18/2020,183.149,187.2339
USD,3/17/2020,182.5795,186.6635
USD,3/13/2020,181.2135,185.0899
USD,3/12/2020,180.6847,184.3588
USD,3/11/2020,180.6547,184.3288
USD,3/10/2020,180.096,183.7676
USD,3/6/2020,180.0161,183.6875
USD,3/5/2020,180.1759,183.8477
USD,3/4/2020,180.2057,183.8779
USD,3/3/2020,180.1558,183.8278
USD,3/2/2020,180.0062,183.6774
USD,2/28/2020,179.9662,183.6374
USD,2/27/2020,179.8266,183.4971
USD,2/26/2020,179.8165,183.4872
USD,2/25/2020,179.8264,183.4972
USD,2/24/2020,179.7367,183.407
USD,2/20/2020,180.0159,183.6877
USD,2/19/2020,179.7266,183.3971
USD,2/18/2020,179.6568,183.3269
USD,2/17/2020,179.5969,183.2668
USD,2/14/2020,179.5671,183.2366
USD,2/13/2020,179.5771,183.2466
USD,2/12/2020,179.557,183.2267
USD,2/11/2020,179.5371,183.2066
USD,2/10/2020,179.557,183.2267
USD,2/7/2020,179.5272,183.1965
USD,2/6/2020,179.5471,183.2166
USD,2/5/2020,179.597,183.2667
USD,2/3/2020,179.577,183.2467
USD,1/31/2020,179.6369,183.3068
USD,1/30/2020,179.637,183.3067
USD,1/29/2020,179.6668,183.3369
USD,1/28/2020,179.6767,183.347
USD,1/27/2020,179.6468,183.3169
USD,1/24/2020,179.6068,183.2769
USD,1/23/2020,179.557,183.2267
USD,1/22/2020,179.5071,183.1766
USD,1/21/2020,179.3948,183.0639
USD,1/20/2020,179.3749,183.0438
USD,1/17/2020,179.3749,183.0438
USD,1/16/2020,179.5942,183.2642
USD,1/14/2020,179.5642,183.2342
USD,1/13/2020,179.4148,183.0839
USD,1/9/2020,179.6836,183.3546
USD,1/8/2020,179.3748,183.0439
USD,1/7/2020,179.3846,183.054
USD,1/6/2020,179.3748,183.0439
USD,1/3/2020,179.3145,183.084
USD,1/2/2020,179.245,182.9138
USD,1/1/2020,179.4845,183.154
USD,12/31/2019,179.6638,183.3345
USD,12/30/2019,179.5443,183.2142
USD,12/27/2019,179.3945,183.064
USD,12/26/2019,179.3445,183.014
USD,12/24/2019,179.3248,182.9939
USD,12/23/2019,179.1452,182.8136
USD,12/20/2019,179.3745,183.144
USD,12/19/2019,179.175,182.8438
USD,12/18/2019,179.1452,182.8136
USD,12/17/2019,179.1749,182.8438
USD,12/16/2019,179.1451,182.8137
USD,12/13/2019,178.8958,182.5633
USD,12/12/2019,179.1852,182.8536
USD,12/10/2019,179.3349,183.0038
USD,12/9/2019,179.315,182.9838
USD,12/6/2019,179.5242,183.1942
USD,12/5/2019,179.3546,183.024
USD,12/4/2019,179.5443,183.2142
USD,12/3/2019,179.225,182.8938
USD,12/2/2019,178.9357,182.6033
USD,11/29/2019,178.7462,182.4131
USD,11/28/2019,178.9256,182.5934
USD,11/27/2019,179.5937,183.2645
USD,11/26/2019,178.8857,182.5533
USD,11/25/2019,178.0975,181.7623
USD,11/22/2019,177.7086,181.3717
USD,11/21/2019,177.3996,181.0611
USD,11/20/2019,177.4094,181.0712
USD,11/19/2019,177.629,181.2914
USD,11/18/2019,178.0072,181.6725
USD,11/15/2019,178.4469,182.1126
USD,11/14/2019,178.4372,182.1025
USD,11/13/2019,178.6266,182.2928
USD,11/8/2019,178.8258,182.4933
USD,11/7/2019,178.8061,182.4731
USD,11/6/2019,178.407,182.0726
USD,11/5/2019,178.5066,182.1728
USD,11/4/2019,179.1951,182.8637
USD,11/1/2019,179.3149,182.9838
USD,10/31/2019,179.6051,183.3179
USD,10/30/2019,179.5942,183.2642
USD,10/29/2019,179.5143,183.1842
USD,10/28/2019,179.4245,183.094
USD,10/25/2019,179.3149,182.9838
USD,10/24/2019,179.4246,183.094
USD,10/23/2019,179.6339,183.3044
USD,10/22/2019,179.7837,183.4545
USD,10/21/2019,179.9731,183.6449
USD,10/18/2019,179.983,183.6549
USD,10/17/2019,179.8933,183.5647
USD,10/16/2019,179.8932,183.5648
USD,10/15/2019,179.0654,182.7335
USD,10/14/2019,178.6863,182.353
USD,10/11/2019,178.6062,182.2731
USD,10/10/2019,178.5566,182.2228
USD,10/9/2019,178.4768,182.1427
USD,10/8/2019,178.9057,182.5733
USD,10/7/2019,179.4045,183.074
USD,10/4/2019,179.544,183.2143
USD,10/3/2019,179.8833,183.5547
USD,10/2/2019,180.3622,184.0354
USD,10/1/2019,180.0828,183.755
USD,9/30/2019,179.8933,183.5647
USD,9/27/2019,179.8733,183.5447
USD,9/26/2019,179.6239,183.2944
USD,9/25/2019,179.245,182.9138
USD,9/24/2019,179.4742,183.1442
USD,9/23/2019,179.125,182.7938
USD,9/20/2019,178.9654,182.6335
USD,9/19/2019,178.786,182.4532
USD,9/18/2019,178.6163,182.283
USD,9/17/2019,178.5167,182.1828
USD,9/16/2019,178.4069,182.0726
USD,9/12/2019,178.4069,182.0726
USD,9/11/2019,178.4369,182.1026
USD,9/10/2019,178.5166,182.1828
USD,9/9/2019,178.8357,182.5033
USD,9/6/2019,178.716,182.3832
USD,9/5/2019,178.5063,182.173
USD,9/4/2019,178.3168,181.9827
USD,9/3/2019,177.8982,181.5619
USD,9/2/2019,177.3497,181.011
USD,8/30/2019,178.4366,182.1028
USD,8/29/2019,178.4868,182.1527
USD,8/28/2019,177.7982,181.4619
USD,8/27/2019,177.6784,181.3418
USD,8/26/2019,177.8078,181.4721
USD,8/23/2019,177.5785,181.2417
USD,8/22/2019,176.8104,180.4706
USD,8/21/2019,175.9657,179.6867
USD,8/20/2019,175.4839,179.1386
USD,8/19/2019,175.1946,178.8482
USD,8/16/2019,175.1447,178.7981
USD,8/15/2019,174.9952,178.6478
USD,8/13/2019,174.9454,178.5977
USD,8/9/2019,175.0151,178.6679
USD,8/8/2019,175.534,179.1885
USD,8/7/2019,175.5736,179.2287
USD,8/6/2019,174.9852,178.6378
USD,8/5/2019,174.6559,178.3074
USD,8/2/2019,174.5862,178.2372
USD,8/1/2019,174.4068,178.0569
USD,7/31/2019,174.3269,177.9768
USD,7/30/2019,174.257,177.9068
USD,7/29/2019,174.247,177.8968
USD,7/26/2019,174.247,177.8968
USD,7/25/2019,174.2469,177.8968
USD,7/24/2019,174.0574,177.7065
USD,7/23/2019,173.9476,177.5964
USD,7/22/2019,173.818,177.4662
USD,7/19/2019,173.7581,177.4061
USD,7/18/2019,173.7283,177.376
USD,7/17/2019,173.7382,177.3861
USD,7/15/2019,173.5887,177.2358
USD,7/12/2019,173.5688,177.2157
USD,7/11/2019,173.6684,177.3159
USD,7/10/2019,173.8081,177.4561
USD,7/9/2019,174.1371,177.7867
USD,7/8/2019,174.1371,177.8867
USD,7/5/2019,174.1171,177.8667
USD,7/4/2019,174.1072,177.8566
USD,7/3/2019,174.3166,178.067
USD,7/2/2019,174.3168,178.0669
USD,7/1/2019,174.5159,178.2674
USD,6/28/2019,174.6059,178.3574
USD,6/27/2019,174.516,178.2673
USD,6/26/2019,174.4664,178.2171
USD,6/25/2019,174.5363,178.2872
USD,6/24/2019,174.7557,178.5075
USD,6/21/2019,174.7657,178.5175
USD,6/20/2019,174.7458,178.4975
USD,6/19/2019,174.7954,178.5477
USD,6/18/2019,174.6854,178.6377
USD,6/17/2019,174.6856,178.6376
USD,6/14/2019,174.5059,178.4574
USD,6/13/2019,174.4062,178.3572
USD,6/12/2019,174.3763,178.3272
USD,6/11/2019,174.3464,178.2971
USD,6/10/2019,174.3663,178.3172
USD,6/7/2019,174.3264,178.2771
USD,6/6/2019,174.4062,178.3572
USD,6/4/2019,174.396,178.3473
USD,6/3/2019,174.3863,178.3372
USD,5/31/2019,174.3163,178.2672
USD,5/30/2019,174.1866,178.137
USD,5/29/2019,174.1666,178.117
USD,5/28/2019,174.1769,178.1268
USD,5/27/2019,174.2664,178.2171
USD,5/24/2019,174.2863,178.2372
USD,5/23/2019,174.6257,178.5775
USD,5/22/2019,174.1366,178.087
USD,5/21/2019,173.8575,177.8065
USD,5/17/2019,173.8774,177.8265
USD,5/16/2019,174.1768,178.1269
USD,5/15/2019,174.6354,178.5877
USD,5/14/2019,174.426,178.3773
USD,5/13/2019,174.1864,178.1371
USD,5/10/2019,173.6976,177.6464
USD,5/9/2019,172.8993,176.8454
USD,5/8/2019,174.8752,178.8278
USD,5/7/2019,175.3436,179.2987
USD,5/6/2019,175.074,179.0285
USD,5/3/2019,174.7742,178.7284
USD,5/2/2019,174.1164,178.0671
USD,4/30/2019,173.7878,177.7363
USD,4/29/2019,173.5082,177.4561
USD,4/26/2019,173.1388,177.0857
USD,4/25/2019,172.919,176.8656
USD,4/24/2019,172.6205,176.5647
USD,4/23/2019,172.5507,176.4946
USD,4/22/2019,172.3812,176.3243
USD,4/18/2019,172.481,176.3244
USD,4/17/2019,172.6206,176.4647
USD,4/16/2019,172.6107,176.4546
USD,4/12/2019,172.6606,176.5047
USD,4/11/2019,172.6507,176.4946
USD,4/10/2019,172.7204,176.5648
USD,4/9/2019,172.6206,176.4647
USD,4/8/2019,172.82,176.665
USD,4/5/2019,172.6604,176.5048
USD,4/4/2019,172.6505,176.4947
USD,4/3/2019,172.531,176.3744
USD,4/2/2019,172.8204,176.6648
USD,4/1/2019,173.3888,177.2357
USD,3/29/2019,174.1668,178.0169
USD,3/28/2019,174.2766,178.127
USD,3/27/2019,175.5538,179.4086
USD,3/26/2019,176.0922,179.9496
USD,3/25/2019,176.0123,179.8695
USD,3/22/2019,175.9324,179.7894
USD,3/21/2019,176.3517,180.2098
USD,3/19/2019,176.292,180.1497
USD,3/18/2019,176.4214,180.28
USD,3/15/2019,176.7406,180.6005
USD,3/14/2019,176.7306,180.5905
USD,3/13/2019,176.7206,180.5805
USD,3/12/2019,176.4611,180.3202
USD,3/11/2019,176.3014,180.16
USD,3/8/2019,176.3315,180.19
USD,3/7/2019,176.3414,180.2
USD,3/6/2019,176.99,180.8508
USD,3/5/2019,177.6585,181.5217
USD,3/1/2019,177.8675,181.7323
USD,2/28/2019,177.798,181.662
USD,2/27/2019,177.7081,181.5719
USD,2/26/2019,177.5385,181.4017
USD,2/25/2019,177.419,181.2814
USD,2/22/2019,177.4488,181.3115
USD,2/21/2019,177.5086,181.3717
USD,2/20/2019,177.638,181.502
USD,2/18/2019,176.5609,180.4203
USD,2/15/2019,176.4211,180.2802
USD,2/14/2019,176.3514,180.21
USD,2/13/2019,176.1917,180.0498
USD,2/12/2019,175.783,179.6391
USD,2/11/2019,175.773,179.6291
USD,2/8/2019,175.6634,179.5189
USD,2/7/2019,175.7528,179.6092
USD,2/6/2019,176.1218,179.9798
USD,2/5/2019,174.9847,178.8381
USD,2/1/2019,176.3416,180.1999
USD,1/31/2019,177.4187,181.2816
USD,1/30/2019,178.8357,182.7033
USD,1/29/2019,179.5439,183.4144
USD,1/28/2019,179.5839,183.4544
USD,1/25/2019,179.7034,183.5747
USD,1/24/2019,180.0825,183.9552
USD,1/23/2019,180.0124,183.8853
USD,1/22/2019,179.6836,183.5546
USD,1/21/2019,179.554,183.4243
USD,1/18/2019,179.7933,183.6647
USD,1/17/2019,180.222,184.0955
USD,1/16/2019,180.0624,184.0353
USD,1/14/2019,179.813,183.7649
USD,1/11/2019,179.873,183.8449
USD,1/10/2019,180.182,184.1555
USD,1/9/2019,180.3715,184.3458
USD,1/8/2019,180.1222,184.0954
USD,1/7/2019,180.5213,184.4959
USD,1/4/2019,180.6906,184.6663
USD,1/3/2019,180.6708,184.6462
USD,1/2/2019,180.5708,184.5462
USD,1/1/2019,180.6606,184.6363
USD,12/31/2018,180.7202,184.6966
USD,12/28/2018,180.1015,184.0758
USD,12/27/2018,179.5832,183.5548
USD,12/26/2018,179.2039,183.1744
USD,12/24/2018,178.9846,182.954
USD,12/21/2018,178.7451,182.7137
USD,12/20/2018,178.2563,182.223
USD,12/19/2018,177.9074,181.8724
USD,12/18/2018,177.7378,181.7021
USD,12/17/2018,177.6678,181.6321
USD,12/14/2018,177.3984,181.3618
USD,12/13/2018,177.3388,181.3015
USD,12/12/2018,177.0992,181.0613
USD,12/11/2018,176.88,180.8408
USD,12/10/2018,176.6206,180.5805
USD,12/7/2018,177.0594,181.0212
USD,12/6/2018,177.0594,181.0212
USD,12/5/2018,176.8797,180.841
USD,12/4/2018,176.6106,180.5705
USD,12/3/2018,176.9399,180.9009
USD,11/30/2018,177.498,181.462
USD,11/29/2018,177.4281,181.3919
USD,11/28/2018,178.3257,182.2733
USD,11/27/2018,177.997,181.9426
USD,11/26/2018,177.598,181.542
USD,11/23/2018,176.7204,180.6606
USD,11/21/2018,175.1136,179.0487
USD,11/19/2018,174.3357,178.2675
USD,11/16/2018,174.2059,178.1374
USD,11/15/2018,174.176,178.1073
USD,11/14/2018,173.7271,177.6267
USD,11/13/2018,173.4082,177.3061
USD,11/12/2018,172.9693,176.8654
USD,11/9/2018,172.8194,176.7154
USD,11/8/2018,172.4601,176.3549
USD,11/7/2018,172.191,176.0844
USD,11/5/2018,172.1612,176.0543
USD,11/2/2018,171.9317,175.824
USD,11/1/2018,173.4281,177.3261
USD,10/31/2018,172.3605,176.2547
USD,10/30/2018,171.6722,175.5637
USD,10/29/2018,170.8643,174.7525
USD,10/26/2018,170.555,174.4421
USD,10/25/2018,170.4353,174.3219
USD,10/23/2018,170.2356,174.1217
USD,10/22/2018,169.4972,173.3808
USD,10/19/2018,169.1084,172.9901
USD,10/18/2018,168.8494,172.7295
USD,10/17/2018,168.7594,172.6395
USD,10/16/2018,168.4003,172.279
USD,10/15/2018,167.7325,171.6077
USD,10/12/2018,169.0484,172.9301
USD,10/11/2018,169.0186,172.9
USD,10/10/2018,168.9389,172.8198
USD,10/9/2018,168.4701,172.3491
USD,10/8/2018,168.1208,171.9987
USD,10/5/2018,167.8014,171.6784
USD,10/4/2018,167.5521,171.4279
USD,10/3/2018,167.0732,170.9473
USD,10/2/2018,166.8839,170.7569
USD,10/1/2018,167.0334,170.9072
USD,9/28/2018,166.9834,170.8572
USD,9/27/2018,166.8042,170.6767
USD,9/26/2018,166.7844,170.6566
USD,9/25/2018,166.5244,170.3966
USD,9/21/2018,166.7839,170.6569
USD,9/20/2018,165.0887,168.6341
USD,9/19/2018,163.8714,167.4125
USD,9/18/2018,163.1038,166.6411
USD,9/17/2018,161.8174,165.149
USD,9/14/2018,160.949,164.3781
USD,9/13/2018,160.5398,163.9676
USD,9/12/2018,160.3604,163.7873
USD,9/11/2018,160.41,163.8475
USD,9/10/2018,160.0408,163.477
USD,9/7/2018,159.8836,163.2576
USD,9/6/2018,160.3729,163.578
USD,9/5/2018,160.1636,163.3676
USD,9/4/2018,159.7943,162.9973
USD,9/3/2018,159.5847,162.787
USD,8/31/2018,159.5446,162.7471
USD,8/30/2018,159.4849,162.6869
USD,8/29/2018,159.2951,162.4968
USD,8/28/2018,159.2055,162.4066
USD,8/27/2018,159.1059,162.3064
USD,8/24/2018,158.9162,162.1162
USD,8/23/2018,158.7666,161.966
USD,8/21/2018,158.7366,161.936
USD,8/20/2018,158.6168,161.8159
USD,8/17/2018,158.5869,161.7858
USD,8/16/2018,158.3475,161.5455
USD,8/15/2018,158.2876,161.4854
USD,8/14/2018,158.2179,161.4153
USD,8/13/2018,158.1878,161.3853
USD,8/10/2018,158.1479,161.3453
USD,8/9/2018,158.128,161.3252
USD,8/8/2018,157.9783,161.175
USD,8/7/2018,157.9884,161.185
USD,8/6/2018,158.0082,161.2051
USD,8/3/2018,157.9286,161.1249
USD,8/2/2018,157.8288,161.0248
USD,8/1/2018,157.9086,161.1049
USD,7/31/2018,157.9184,161.115
USD,7/30/2018,157.7888,160.9848
USD,7/26/2018,157.7789,160.9747
USD,7/25/2018,157.739,160.9347
USD,7/24/2018,157.7589,160.9547
USD,7/23/2018,158.1079,161.3053
USD,7/20/2018,158.1079,161.3053
USD,7/19/2018,158.078,161.2752
USD,7/18/2018,158.0581,161.2551
USD,7/17/2018,158.0682,161.2578
USD,7/16/2018,157.7089,160.8973
USD,7/13/2018,157.5591,160.7471
USD,7/12/2018,157.4994,160.5976
USD,7/11/2018,157.4794,160.5776
USD,7/10/2018,157.4594,160.5576
USD,7/9/2018,157.3697,160.4675
USD,7/6/2018,157.1502,160.2472
USD,7/5/2018,156.8613,159.9565
USD,7/4/2018,156.7213,159.8165
USD,7/3/2018,156.6715,159.7664
USD,7/2/2018,156.6515,159.7464
USD,6/29/2018,156.6716,159.7664
USD,6/28/2018,156.7614,159.8565
USD,6/26/2018,157.1705,160.267
USD,6/25/2018,157.3001,160.3972
USD,6/22/2018,157.8289,160.9279
USD,6/21/2018,158.1181,161.3183
USD,6/20/2018,158.0681,161.2683
USD,6/19/2018,157.9784,161.1782
USD,6/18/2018,157.8084,161.0082
USD,6/14/2018,157.8284,160.9282
USD,6/13/2018,157.7089,160.8079
USD,6/12/2018,157.6291,160.7278
USD,6/11/2018,157.1502,160.2472
USD,6/8/2018,157.0804,160.177
USD,6/7/2018,156.9108,160.0069
USD,6/6/2018,156.7911,159.8867
USD,6/5/2018,156.7213,159.8165
USD,6/4/2018,156.7511,159.8467
USD,6/1/2018,156.5817,159.6163
USD,5/31/2018,156.382,159.4762
USD,5/30/2018,156.2426,159.3358
USD,5/28/2018,156.2823,159.376
USD,5/25/2018,156.2424,159.3359
USD,5/24/2018,156.2324,159.3259
USD,5/23/2018,156.2324,159.3259
USD,5/22/2018,156.1427,159.2457
USD,5/21/2018,156.2227,159.3157
USD,5/18/2018,156.2424,159.3359
USD,5/17/2018,156.4624,159.5559
USD,5/16/2018,156.2024,159.2959
USD,5/15/2018,156.1424,159.2359
USD,5/14/2018,156.0824,159.1759
USD,5/11/2018,156.0823,159.2961
USD,5/10/2018,156.0424,159.256
USD,5/9/2018,155.973,158.9855
USD,5/8/2018,155.9833,158.9952
USD,5/4/2018,155.9826,158.9878
USD,5/3/2018,155.5227,159.0357
USD,5/2/2018,155.6027,159.0077
USD,5/1/2018,155.5028,159.0056
USD,4/27/2018,155.4047,159.0139
USD,4/26/2018,155.5247,159.0339
USD,4/25/2018,155.2641,159.0445
USD,4/24/2018,154.9148,158.6938
USD,4/23/2018,154.3957,158.173
USD,4/20/2018,154.2861,158.0626
USD,4/19/2018,154.3461,158.1226
USD,4/18/2018,154.3657,158.143
USD,4/17/2018,154.0266,157.8022
USD,4/16/2018,153.7572,157.5316
USD,4/12/2018,153.6874,157.4615
USD,4/11/2018,153.6276,157.4013
USD,4/10/2018,153.5877,157.3612
USD,4/9/2018,153.4779,157.251
USD,4/6/2018,153.6176,157.3913
USD,4/5/2018,153.8769,157.6519
USD,4/4/2018,153.8272,157.6016
USD,4/3/2018,153.2786,157.0504
USD,4/2/2018,153.7474,157.5215
USD,3/29/2018,153.7175,157.4914
USD,3/28/2018,154.0167,157.7921
USD,3/27/2018,154.0665,157.8423
USD,3/26/2018,154.1165,157.8923
USD,3/23/2018,154.1065,157.8823
USD,3/22/2018,154.0766,157.8522
USD,3/21/2018,154.0766,157.8522
USD,3/20/2018,154.0765,157.8523
USD,3/19/2018,153.9266,157.7022
USD,3/16/2018,153.9066,157.6822
USD,3/15/2018,153.767,157.5418
USD,3/14/2018,153.6375,157.4214
USD,3/13/2018,153.5877,157.3712
USD,3/12/2018,153.4479,157.231
USD,3/9/2018,153.3581,157.1408
USD,3/8/2018,153.3481,157.1308
USD,3/7/2018,153.1288,156.9102
USD,3/6/2018,153.079,156.86
USD,3/5/2018,153.1787,156.9603
USD,3/2/2018,153.1186,156.9004
USD,2/28/2018,152.9392,156.7198
USD,2/27/2018,152.959,156.74
USD,2/26/2018,153.2186,157.0004
USD,2/23/2018,153.2376,157.0201
USD,2/22/2018,153.2277,157.01
USD,2/21/2018,153.4065,157.191
USD,2/20/2018,153.3569,157.1407
USD,2/19/2018,153.1877,156.97
USD,2/16/2018,152.8893,156.6687
USD,2/15/2018,153.4164,157.2011
USD,2/14/2018,152.969,156.7389
USD,2/12/2018,152.3719,156.1364
USD,2/9/2018,152.4213,156.1869
USD,2/8/2018,152.8,155.55
USD,2/7/2018,152.5907,156.3575
USD,2/6/2018,152.3618,156.1265
USD,2/2/2018,152.2329,155.9356
USD,2/1/2018,151.9937,155.765
USD,1/30/2018,151.8148,155.5842
USD,1/29/2018,151.7951,155.5639
USD,1/26/2018,151.7951,155.5639
USD,1/25/2018,151.7554,155.5237
USD,1/24/2018,152.1233,155.8954
USD,1/23/2018,152.0236,155.7951
USD,1/22/2018,151.9242,155.6946
USD,1/19/2018,151.9143,155.6846
USD,1/18/2018,151.8548,155.6242
USD,1/17/2018,151.944,155.7148
USD,1/16/2018,151.9242,155.6946
USD,1/12/2018,151.8246,155.5943
USD,1/11/2018,151.7551,155.5239
USD,1/10/2018,151.795,155.564
USD,1/9/2018,151.8246,155.5943
USD,1/8/2018,151.6556,155.3735
USD,1/5/2018,151.5756,155.3435
USD,1/4/2018,151.6254,155.4139
USD,1/3/2018,151.5458,155.3538
USD,1/2/2018,151.4268,155.233
